booth,remote,station,line_name,division,status,tracked_as,has_booth,prior_remotes,prior_station_names,station_id,station_id_2,station_id_3,station_name,complex_id,complex_name
A002,R051,59 ST,NQR456W,BMT,Open,,0,,LEXINGTON AVE,7,,,Lexington Av/59 St,613,Lexington Av / 59 St
A003A,R051,59 ST,NQR456W,BMT,Closed,,0,,,7,,,Lexington Av/59 St,613,Lexington Av / 59 St
A004,R050,LEXINGTON AVE,456NQR,BMT,Open,R244,0,,,7,,,Lexington Av/59 St,613,Lexington Av / 59 St
A006,R079,5 AV/59 ST,NQRW,BMT,Open,,1,,"5 AV,5 AVE-59 ST",8,,,5 Av/59 St,8,
A007,R079,5 AV/59 ST,NQRW,BMT,Open,,0,,"5 AV,5 AVE-59 ST",8,,,5 Av/59 St,8,
A010,R080,57 ST-7 AV,NQRW,BMT,Open,,1,,57 ST-7 AVE,9,,,57 St-7 Av,9,
A011,R080,57 ST-7 AV,NQRW,BMT,Open,,0,,57 ST-7 AVE,9,,,57 St-7 Av,9,
A013,R081,49 ST,NQRW,BMT,Open,,,,"49 ST-7 AV,49 ST-7 AVE",10,,,49 St,10,
A014,R081,49 ST,NQRW,BMT,Closed,,,,"49 ST-7 AV,49 ST-7 AVE",10,,,49 St,10,
A015,R081,49 ST,NQRW,BMT,Open,,,,"49 ST-7 AV,49 ST-7 AVE",10,,,49 St,10,
A016,R081,49 ST,NQRW,BMT,Open,,,,"49 ST-7 AV,49 ST-7 AVE",10,,,49 St,10,
A017,R033,TIMES SQ-42 ST,1237ACENQRSW,BMT,Closed,,0,,,11,468,317,Times Sq-42 St,611,Times Sq - 42 St / Port Authority Bus Terminal
A021,R032,TIMES SQ-42 ST,ACENQRS1237W,BMT,Open,,0,,"42 ST - TIMES S,42 ST-TIMES SQ",11,,,Times Sq-42 St,611,Times Sq - 42 St / Port Authority Bus Terminal
A022,R022,34 ST-HERALD SQ,BDFMNQRW,BMT,Open,,0,,34 STREET,12,227,,34 St-Herald Sq,607,34 St - Herald Sq
A022A,R022,34 ST-HERALD SQ,BDFMNQRW,BMT,Open,A022,0,,,12,227,,34 St-Herald Sq,607,34 St - Herald Sq
A025,R023,34 ST-HERALD SQ,BDFMNQRW,BMT,Open,,0,,34 STREET,12,,,34 St-Herald Sq,607,34 St - Herald Sq
A027,R082,28 ST,NRW,BMT,Open,,,,28 ST-BROADWAY,13,,,28 St,13,
A029,R082,28 ST,NRW,BMT,Open,,,,28 ST-BROADWAY,13,,,28 St,13,
A030,R083,23 ST,NRW,BMT,Open,,,,23 ST-5 AVE,14,,,23 St,14,
A031,R083,23 ST,NRW,BMT,Open,,,,23 ST-5 AVE,14,,,23 St,14,
A033,R170,14 ST-UNION SQ,LNQR456W,BMT,Open,,0,,,15,,,14 St-Union Sq,602,14 St - Union Sq
A034,R170,14 ST-UNION SQ,LNQR456W,BMT,Open,,1,,,15,,,14 St-Union Sq,602,14 St - Union Sq
A035,R170,14 ST-UNION SQ,LNQR456W,BMT,Open,,0,,,117,406,,14 St-Union Sq,602,14 St - Union Sq
A036,R170,14 ST-UNION SQ,LNQR456,BMT,Open,A034,0,,,117,,,14 St-Union Sq,602,14 St - Union Sq
A037,R170,14 ST-UNION SQ,LNQR456W,BMT,Open,,0,,,117,,,14 St-Union Sq,602,14 St - Union Sq
A038,R085,8 ST-NYU,NRW,BMT,Open,,1,,"8 ST-BROADWAY,8 ST-B'WAY NYU",16,,,8 St-NYU,16,
A039,R085,8 ST-NYU,NRW,BMT,Open,,0,,"8 ST-BROADWAY,8 ST-B'WAY NYU",16,,,8 St-NYU,16,
A040,R085,8 ST-NYU,NRW,BMT,Open,A039,0,,,16,,,8 St-NYU,16,
A041,R086,PRINCE ST,NRW,BMT,Open,,1,,PRINCE ST-B'WAY,17,,,Prince St,17,
A042,R086,PRINCE ST,NRW,BMT,Open,,0,,PRINCE ST-B'WAY,17,,,Prince St,17,
A043,R462,CANAL ST,JNQRZ6W,BMT,Open,,1,,,18,19,,Canal St,623,Canal St
A044,R462,CANAL ST,JNQRZ6,BMT,Open,A043,0,,,18,,,Canal St,623,Canal St
A046,R463,CANAL ST,JNQRZ6W,BMT,Open,,1,,,19,410,,Canal St,623,Canal St
A047,R087,CITY HALL,NRW,BMT,Open,,1,,MURRAY ST-B'WAY,20,,,City Hall,20,
A049,R088,CORTLANDT ST,RNW,BMT,Open,,0,,,21,,,Cortlandt St,624,Chambers St / WTC / Park Place / Cortlandt St
A050,R088,CORTLANDT ST,RNW,BMT,Open,,1,,,21,,,Cortlandt St,624,Chambers St / WTC / Park Place / Cortlandt St
A051,R088,CORTLANDT ST,R,BMT,Closed,,0,,,21,,,Cortlandt St,624,Chambers St / WTC / Park Place / Cortlandt St
A052,R088,CORTLANDT ST,RNW,BMT,Open,,0,,,21,,,Cortlandt St,624,Chambers St / WTC / Park Place / Cortlandt St
A053,R088,CORTLANDT ST,RNW,BMT,Open,,,,,21,,,Cortlandt St,624,Chambers St / WTC / Park Place / Cortlandt St
A054,R227,RECTOR ST,NRW,BMT,Open,,1,,,22,,,Rector St,22,
A055,R227,RECTOR ST,NRW,BMT,Open,,0,,,22,,,Rector St,22,
A058,R001,WHITEHALL S-FRY,R1W,BMT,Open,,,,"WHITEHALL,WHITEHALL ST",23,,,Whitehall St-South Ferry,635,South Ferry / Whitehall
A060,R001,WHITEHALL S-FRY,R1W,BMT,Open,,,,"WHITEHALL,WHITEHALL ST",23,,,Whitehall St-South Ferry,635,South Ferry / Whitehall
A061,R142,DELANCEY/ESSEX,FJMZ,BMT,Open,,1,,ESSEX ST,102,,,Delancey St-Essex St,625,Delancey St / Essex St
A064,R311,BOWERY,JZ,BMT,Open,,1,,,103,,,Bowery,103,
A065,R311,BOWERY,JZ,BMT,Closed,,0,,,103,,,Bowery,103,
A066,R118,CANAL ST,JNQRZ6W,BMT,Open,,0,,,104,19,,Canal St,623,Canal St
A068,R118,CANAL ST,JNQRZ6W,BMT,Closed,,0,,,104,,,Canal St,623,Canal St
A069,R044,CHAMBERS ST,JZ456,BMT,Open,,0,,CHAMBERS STREET,105,,,Chambers St,622,Brooklyn Bridge-City Hall / Chambers St
A071,R044,CHAMBERS ST,JZ456,BMT,Open,,0,,CHAMBERS STREET,105,,,Chambers St,622,Brooklyn Bridge-City Hall / Chambers St
A076,R028,FULTON ST,ACJZ2345,BMT,Closed,,0,,,106,,,Fulton St,628,Fulton St
A077,R028,FULTON ST,ACJZ2345,BMT,Open,,0,R002,FULTON STREET,106,172,,Fulton St,628,Fulton St
A078,R028,FULTON ST,ACJZ2345,BMT,Closed,,0,,,106,,,Fulton St,628,Fulton St
A079,R028,FULTON ST,ACJZ2345,BMT,Closed,,0,,,106,,,Fulton St,628,Fulton St
A081,R028,FULTON ST,ACJZ2345,BMT,Open,,0,R002,FULTON STREET,106,172,,Fulton St,628,Fulton St
A082,R028,FULTON ST,ACJZ2345,BMT,Open,,0,R002,FULTON STREET,106,,,Fulton St,628,Fulton St
A083,R125,BROAD ST,JZ,BMT,Open,,1,,,107,,,Broad St,107,
A084,R125,BROAD ST,JZ,BMT,Open,,0,,,107,,,Broad St,107,
A085,R125,BROAD ST,JZ,BMT,Open,,0,,,107,,,Broad St,107,
B001,R057,ATLANTIC AVE,2345BDNQR,BMT,Closed,,0,,,40,,,Atlantic Av-Barclays Ctr,617,Atlantic Av-Barclays Ctr
B002,R057,ATLANTIC AVE,BDNQR2345,BMT,Open,R610,0,,,40,,,Atlantic Av-Barclays Ctr,617,Atlantic Av-Barclays Ctr
B004,R171,7 AV,BQ,BMT,Open,,1,,7 AVE,41,,,7 Av,41,
B005,R171,7 AV,BQ,BMT,Closed,,0,,,41,,,7 Av,41,
B009,R411,PARK PLACE,S,BMT,Open,,1,,PARK PL,141,,,Park Pl,141,
B010,R412,BOTANIC GARDEN,S2345,BMT,Open,,1,,,142,,,Botanic Garden,626,Franklin Av-Medgar Evers College / Botanic Garden
B012,R196,PROSPECT PARK,BQS,BMT,Open,,0,,,42,,,Prospect Park,42,
B013,R196,PROSPECT PARK,BQS,BMT,Open,,1,,,42,,,Prospect Park,42,
B014,R148,PARKSIDE AV,BQ,BMT,Open,,1,,PARKSIDE AVE,43,,,Parkside Av,43,
B015,R098,CHURCH AV,BQ,BMT,Open,,0,,CHURCH AVE,44,,,Church Av,44,
B016,R098,CHURCH AV,BQ,BMT,Open,,1,,CHURCH AVE,44,,,Church Av,44,
B017,R262,BEVERLEY ROAD,BQ,BMT,Open,,1,,BEVERLEY RD,45,,,Beverley Rd,45,
B018,R184,CORTELYOU RD,BQ,BMT,Open,,1,,CORTELYOU ROAD,46,,,Cortelyou Rd,46,
B019,R149,NEWKIRK PLAZA,BQ,BMT,Open,,1,,"NEWKIRK AV,NEWKIRK AVE",47,,,Newkirk Plaza,47,
B020,R263,AVENUE H,BQ,BMT,Open,,1,,AVE H,48,,,Avenue H,48,
B021,R228,AVENUE J,BQ,BMT,Open,,1,,"AV J,AVE J",49,,,Avenue J,49,
B022,R229,AVENUE M,BQ,BMT,Open,,1,,"AV M,AVE M",50,,,Avenue M,50,
B023,R211,KINGS HWY,BQ,BMT,Open,,0,,KINGS HIGHWAY,51,,,Kings Hwy,51,
B024,R211,KINGS HWY,BQ,BMT,Open,,1,,KINGS HIGHWAY,51,,,Kings Hwy,51,
B024A,R211,KINGS HWY,BQ,BMT,Open,,0,,KINGS HIGHWAY,51,,,Kings Hwy,51,
B025,R150,AVENUE U,BQ,BMT,Open,,1,,"AV U,AVE U",52,,,Avenue U,52,
B026,R230,NECK RD,BQ,BMT,Open,,1,,NECK ROAD,53,,,Neck Rd,53,
B027,R136,SHEEPSHEAD BAY,BQ,BMT,Open,,1,,,54,,,Sheepshead Bay,54,
B028,R136,SHEEPSHEAD BAY,BQ,BMT,Open,,0,,,54,,,Sheepshead Bay,54,
B029,R172,BRIGHTON BEACH,BQ,BMT,Open,,1,,,55,,,Brighton Beach,55,
B031,R172,BRIGHTON BEACH,BQ,BMT,Open,,0,,,55,,,Brighton Beach,55,
B032,R264,OCEAN PKWY,Q,BMT,Open,,1,,OCEAN PARKWAY,56,,,Ocean Pkwy,56,
B034,R264,OCEAN PKWY,Q,BMT,Open,,0,,OCEAN PARKWAY,56,,,Ocean Pkwy,56,
C001,R108,BOROUGH HALL,R2345,BMT,Closed,,0,,BOROUGH HALL/CT,24,,,Court St,620,Borough Hall / Court St
C003,R089,JAY ST-METROTEC,R,BMT,Open,,1,,LAWRENCE ST,25,,,Jay St-MetroTech,636,Jay St - MetroTech
C004,R089,JAY ST-METROTEC,R,BMT,Open,,0,,LAWRENCE ST,25,,,Jay St-MetroTech,636,Jay St - MetroTech
C006,R099,DEKALB AV,BDNQR,BMT,Open,C008,0,,,26,,,DeKalb Av,26,
C008,R099,DEKALB AV,BDNQR,BMT,Open,,1,,DEKALB AVE,26,,,DeKalb Av,26,
C009,R057,ATL AV-BARCLAY,BDNQR2345,BMT,Open,,1,,"BARCLAYS CENTER,PACIFIC ST",27,,,Atlantic Av-Barclays Ctr,617,Atlantic Av-Barclays Ctr
C010,R231,UNION ST,R,BMT,Open,,1,,,28,,,Union St,28,
C011,R231,UNION ST,R,BMT,Open,,0,,,28,,,Union St,28,
C012,R258,4AV-9 ST,DFGMNR,BMT,Open,,0,,9 ST,29,,,4 Av-9 St,608,4 Av - 9 St
C014,R246,PROSPECT AV,R,BMT,Open,,1,,PROSPECT AVE,30,,,Prospect Av,30,
C015,R246,PROSPECT AV,R,BMT,Open,,0,R454,PROSPECT AVE,30,,,Prospect Av,30,
C016,R278,25 ST,R,BMT,Open,,1,,,31,,,25 St,31,
C017,R455,25 ST,R,BMT,Open,,0,,,31,,,25 St,31,
C018,R197,36 ST,DNR,BMT,Open,,1,,,32,,,36 St,32,
C019,R232,45 ST,R,BMT,Open,,1,,,33,,,45 St,33,
C020,R233,53 ST,R,BMT,Open,,1,,,34,,,53 St,34,
C021,R212,59 ST,NRW,BMT,Open,,1,,,35,,,59 St,35,
C022,R212,59 ST,NRW,BMT,Open,,0,,,35,,,59 St,35,
C023,R213,BAY RIDGE AV,R,BMT,Open,,1,,BAY RIDGE AVE,36,,,Bay Ridge Av,36,
C024,R214,77 ST,R,BMT,Open,,1,,,37,,,77 St,37,
C025,R215,86 ST,R,BMT,Open,,1,,,38,,,86 St,38,
C026,R215,86 ST,R,BMT,Open,,0,,,38,,,86 St,38,
C027,R216,BAY RIDGE-95 ST,R,BMT,Open,,,,"BAY RIDGE AV,BAY RIDGE-95 ST",39,,,Bay Ridge-95 St,39,
C028,R216,BAY RIDGE-95 ST,R,BMT,Open,,,,"BAY RIDGE AV,BAY RIDGE-95 ST",39,,,Bay Ridge-95 St,39,
D001,R390,8 AV,N,BMT,Open,,0,,,71,,,8 Av,71,
D002,R390,8 AV,N,BMT,Open,,1,,8 AVE,71,,,8 Av,71,
D003,R391,FT HAMILTON PKY,N,BMT,Open,,1,,,72,,,Fort Hamilton Pkwy,72,
D004,R391,FT HAMILTON PKY,N,BMT,Open,,0,,,72,,,Fort Hamilton Pkwy,72,
D005,R398,NEW UTRECHT AV,ND,BMT,Open,,1,,NEW UTRECHT AVE,73,63,,New Utrecht Av,615,62 St / New Utrecht Av
D006,R398,NEW UTRECHT AV,ND,BMT,Open,,0,,NEW UTRECHT AVE,73,,,New Utrecht Av,615,62 St / New Utrecht Av
D007,R392,18 AV,N,BMT,Open,D008,0,,,74,,,18 Av,74,
D008,R392,18 AV,N,BMT,Open,,1,,18 AVE,74,,,18 Av,74,
D009,R393,20 AV,N,BMT,Open,,1,,20 AVE,75,,,20 Av,75,
D010,R394,BAY PKWY,N,BMT,Open,,1,,"BAY PKY-22 AV,BAY PKY-22 AVE",76,,,Bay Pkwy,76,
D011,R394,BAY PKWY,N,BMT,Open,,0,,"BAY PKY-22 AV,BAY PKY-22 AVE",76,,,Bay Pkwy,76,
D012,R395,KINGS HWY,N,BMT,Open,,1,,KINGS HIGHWAY,77,,,Kings Hwy,77,
D013,R395,KINGS HWY,N,BMT,Open,D012,0,,,77,,,Kings Hwy,77,
D014,R396,AVENUE U,N,BMT,Open,D015,0,,,78,,,Avenue U,78,
D015,R396,AVENUE U,N,BMT,Open,,1,,"AV U,AVE U",78,,,Avenue U,78,
D016,R397,86 ST,N,BMT,Open,,1,,,79,,,86 St,79,
E001,R368,9 AV,D,BMT,Open,,1,,9 AVE,59,,,9 Av,59,
E003,R369,FT HAMILTON PKY,D,BMT,Open,,1,,,60,,,Fort Hamilton Pkwy,60,
E004,R234,50 ST,D,BMT,Open,,1,,,61,,,50 St,61,
E005,R247,55 ST,D,BMT,Open,,1,,,62,,,55 St,62,
E006,R398,62 ST,ND,BMT,Open,D005,0,,,63,,,62 St,615,62 St / New Utrecht Av
E009,R370,71 ST,D,BMT,Open,,1,,,64,,,71 St,64,
E010,R371,79 ST,D,BMT,Open,E011,0,,,65,,,79 St,65,
E011,R371,79 ST,D,BMT,Open,,1,,,65,,,79 St,65,
E012,R372,18 AV,D,BMT,Open,,1,,18 AVE,66,,,18 Av,66,
E013,R373,20 AV,D,BMT,Open,,1,,20 AVE,67,,,20 Av,67,
E014,R374,BAY PKWY,D,BMT,Open,,1,,"BAY PKY,BAY PARKWAY",68,,,Bay Pkwy,68,
E015,R399,25 AV,D,BMT,Open,,1,,25 AVE,69,,,25 Av,69,
E016,R400,BAY 50 ST,D,BMT,Open,,1,,,70,,,Bay 50 St,70,
G001,R151,CONEY IS-STILLW,DFNQ,BMT,Open,,1,,"STILLWELL AV,STILLWELL AVE",58,,,Coney Island-Stillwell Av,58,
G009,R151,CONEY IS-STILLW,DFNQ,BMT,Open,,1,,"STILLWELL AV,STILLWELL AVE",58,,,Coney Island-Stillwell Av,58,
G011,R312,W 8 ST-AQUARIUM,FQ,BMT,Open,,1,,,57,,,W 8 St-NY Aquarium,57,
G015,R312,W 8 ST-AQUARIUM,FQ,BMT,Open,,0,,,57,,,W 8 St-NY Aquarium,57,
H001,R175,8 AV,ACEL,BMT,Open,,1,,8 AVE,115,166,,8 Av,618,14 St / 8 Av
H002,R163,6 AV,FLM123,BMT,Closed,,0,,,116,,,6 Av,601,14 St / 6 Av
H003,R163,6 AV,FLM123,BMT,Open,,0,,6 AVE,116,,,6 Av,601,14 St / 6 Av
H005,R330,3 AV,L,BMT,Open,,0,,3 AVE,118,,,3 Av,118,
H006,R330,3 AV,L,BMT,Open,,1,,3 AVE,118,,,3 Av,118,
H007,R248,1 AV,L,BMT,Open,,0,,1 AVE,119,,,1 Av,119,
H007A,R248,1 AV,L,BMT,Open,,0,,,119,,,1 Av,119,
H008,R248,1 AV,L,BMT,Open,,0,,1 AVE,119,,,1 Av,119,
H009,R235,BEDFORD AV,L,BMT,Open,,1,,BEDFORD AVE,120,,,Bedford Av,120,
H010,R235,BEDFORD AV,L,BMT,Open,,0,,,120,,,Bedford Av,120,
H011,R268,LORIMER ST,LG,BMT,Open,N409,0,,,121,,,Lorimer St,629,Metropolitan Av / Lorimer St
H012,R268,LORIMER ST,LG,BMT,Open,,0,,,121,,,Lorimer St,629,Metropolitan Av / Lorimer St
H013,R249,GRAHAM AV,L,BMT,Open,,1,,GRAHAM AVE,122,,,Graham Av,122,
H014,R249,GRAHAM AV,L,BMT,Open,,0,,GRAHAM AVE,122,,,Graham Av,122,
H015,R250,GRAND ST,L,BMT,Open,,1,,,123,,,Grand St,123,
H016,R250,GRAND ST,L,BMT,Open,,0,,,123,,,Grand St,123,
H017,R265,MONTROSE AV,L,BMT,Open,,1,,MONTROSE AVE,124,,,Montrose Av,124,
H018,R294,MORGAN AV,L,BMT,Open,H019,0,,,125,,,Morgan Av,125,
H019,R294,MORGAN AV,L,BMT,Open,,1,,MORGAN AVE,125,,,Morgan Av,125,
H020,R279,JEFFERSON ST,L,BMT,Open,H022,0,,,126,,,Jefferson St,126,
H021,R279,JEFFERSON ST,L,BMT,Open,H022,0,,,126,,,Jefferson St,126,
H022,R279,JEFFERSON ST,L,BMT,Open,,1,,,126,,,Jefferson St,126,
H023,R236,DEKALB AV,L,BMT,Open,,1,,DEKALB AVE,127,,,DeKalb Av,127,
H024,R236,DEKALB AV,L,BMT,Open,H023,0,,,127,,,DeKalb Av,127,
H025,R236,DEKALB AV,L,BMT,Open,H023,0,,,127,,,DeKalb Av,127,
H026,R137,MYRTLE-WYCKOFF,LM,BMT,Open,,1,,"MYRTLE AV,MYRTLE AVE",112,128,,Myrtle-Wyckoff Avs,630,Myrtle - Wyckoff Avs
H027,R137,MYRTLE-WYCKOFF,LM,BMT,Open,,0,,"MYRTLE AV,MYRTLE AVE",128,112,,Myrtle-Wyckoff Avs,630,Myrtle - Wyckoff Avs
H028,R266,HALSEY ST,L,BMT,Open,,1,,,129,,,Halsey St,129,
H029,R266,HALSEY ST,L,BMT,Open,H028,0,,,129,,,Halsey St,129,
H030,R266,HALSEY ST,L,BMT,Open,,0,,,129,,,Halsey St,129,
H031,R266,HALSEY ST,L,BMT,Open,H030,0,,,129,,,Halsey St,129,
H032,R295,WILSON AV,L,BMT,Open,,1,,WILSON AVE,130,,,Wilson Av,130,
H033,R313,BUSHWICK AV,L,BMT,Open,,1,,BUSHWICK AVE,131,,,Bushwick Av-Aberdeen St,131,
H035,R348,ATLANTIC AV,L,BMT,Open,,1,,ATLANTIC AVE,133,,,Atlantic Av,133,
H037,R349,SUTTER AV,L,BMT,Open,,1,,SUTTER AVE,134,,,Sutter Av,134,
H038,R350,LIVONIA AV,L,BMT,Open,,1,,LIVONIA AVE,135,,,Livonia Av,135,
H039,R375,NEW LOTS,L,BMT,Open,,1,,"NEW LOTS AV,NEW LOTS AVE",136,,,New Lots Av,136,
H040,R376,EAST 105 ST,L,BMT,Open,,1,,,137,,,East 105 St,137,
H041,R152,CANARSIE-ROCKAW,L,BMT,Open,,1,,ROCKAWAY PKY,138,,,Canarsie-Rockaway Pkwy,138,
J001,R460,MARCY AV,JMZ,BMT,Open,,1,,MARCY AVE,101,,,Marcy Av,101,
J002,R460,MARCY AV,JMZ,BMT,Open,,0,,MARCY AVE,101,,,Marcy Av,101,
J003,R352,HEWES ST,JM,BMT,Open,,1,,,100,,,Hewes St,100,
J004,R352,HEWES ST,JM,BMT,Open,J003,0,,,100,,,Hewes St,100,
J005,R353,LORIMER ST,JM,BMT,Open,,1,,,99,,,Lorimer St,99,
J007,R377,FLUSHING AV,JM,BMT,Open,,1,,FLUSHING AVE,98,,,Flushing Av,98,
J008,R377,FLUSHING AV,JM,BMT,Open,J007,0,,,98,,,Flushing Av,98,
J009,R378,MYRTLE AV,JMZ,BMT,Open,,1,,MYRTLE AVE,97,,,Myrtle Av,97,
J010,R378,MYRTLE AV,JMZ,BMT,Closed,,0,,,97,,,Myrtle Av,97,
J011,R379,KOSCIUSZKO ST,J,BMT,Closed,,0,,,96,,,Kosciuszko St,96,
J012,R379,KOSCIUSZKO ST,J,BMT,Open,,1,,KOSCIUSKO ST,96,,,Kosciuszko St,96,
J013,R380,GATES AV,JZ,BMT,Open,,1,,GATES AVE,95,,,Gates Av,95,
J014,R380,GATES AV,JZ,BMT,Closed,,0,,,95,,,Gates Av,95,
J015,R381,HALSEY ST,J,BMT,Closed,,0,,,94,,,Halsey St,94,
J016,R381,HALSEY ST,J,BMT,Open,,1,,,94,,,Halsey St,94,
J017,R432,CHAUNCEY ST,JZ,BMT,Open,,1,,,93,,,Chauncey St,93,
J018,R432,CHAUNCEY ST,JZ,BMT,Closed,,0,,,93,,,Chauncey St,93,
J019,R103,BROADWAY JCT,ACJLZ,BMT,Closed,,0,,,92,,,Broadway Junction,621,Broadway Junction
J020,R433,ALABAMA AV,J,BMT,Open,,1,,ALABAMA AVE,91,,,Alabama Av,91,
J021,R434,VAN SICLEN AV,JZ,BMT,Open,,1,,VAN SICLEN AVE,90,,,Van Siclen Av,90,
J022,R435,CLEVELAND ST,J,BMT,Open,,1,,,89,,,Cleveland St,89,
J023,R436,NORWOOD AV,JZ,BMT,Open,,1,,NORWOOD AVE,88,,,Norwood Av,88,
J024,R437,CRESCENT ST,JZ,BMT,Open,,1,,,87,,,Crescent St,87,
J025,R003,CYPRESS HILLS,J,BMT,Open,,1,,CYPRESS  HILLS,86,,,Cypress Hills,86,
J026,R003,CYPRESS HILLS,J,BMT,Exit-only,J025,0,,,86,,,Cypress Hills,86,
J028,R004,75 ST-ELDERTS,JZ,BMT,Open,,1,,ELDERTS LANE,85,,,75 St-Elderts Ln,85,
J030,R005,85 ST-FOREST PK,J,BMT,Open,,1,,FOREST PARKWAY,84,,,85 St-Forest Pkwy,84,
J031,R006,WOODHAVEN BLVD,JZ,BMT,Open,,1,,,83,,,Woodhaven Blvd,83,
J032,R006,WOODHAVEN BLVD,JZ,BMT,Open,,0,,,83,,,Woodhaven Blvd,83,
J034,R007,104 ST,JZ,BMT,Open,,1,,104 STREET,82,,,104 St,82,
J035,R008,111 ST,J,BMT,Open,,1,,,81,,,111 St,81,
J036,R008,111 ST,J,BMT,Closed,,0,,,81,,,111 St,81,
J037,R009,121 ST,JZ,BMT,Open,,1,,,80,,,121 St,80,
J038,R009,121 ST,JZ,BMT,Open,J037,0,,,80,,,121 St,80,
K017,R401,CENTRAL AV,M,BMT,Open,,1,,CENTRAL AVE,114,,,Central Av,114,
K019,R413,KNICKERBOCKER,M,BMT,Open,,1,,,113,,,Knickerbocker Av,113,
K022,R402,SENECA AVE,M,BMT,Open,,1,,SENECA AV,111,,,Seneca Av,111,
K024,R403,FOREST AVE,M,BMT,Open,,1,,FOREST AV,110,,,Forest Av,110,
K025,R404,FRESH POND RD,M,BMT,Open,,1,,FRESH POND ROAD,109,,,Fresh Pond Rd,109,
K026,R100,METROPOLITAN AV,M,BMT,Open,,1,,,108,,,Middle Village-Metropolitan Av,108,
N001,R173,INWOOD-207 ST,A,IND,Open,,0,,207 ST/WASH HTS,143,,,Inwood-207 St,143,
N002A,R173,INWOOD-207 ST,A,IND,Open,,1,,207 ST/WASH HTS,143,,,Inwood-207 St,143,
N003,R185,DYCKMAN ST,A,IND,Open,,1,,DYCKMAN-200 ST,144,,,Dyckman St,144,
N004,R185,DYCKMAN ST,A,IND,Exit-only,N003,0,,,144,,,Dyckman St,144,
N006A,R280,190 ST,A,IND,Open,,1,,,145,,,190 St,145,
N007A,R174,181 ST,A,IND,Open,,1,,,146,,,181 St,146,
N009,R174,181 ST,A,IND,Open,,0,,,146,,,181 St,146,
N010,R126,175 ST,A,IND,Open,,1,,,147,,,175 St,147,
N011,R126,175 ST,A,IND,Open,,0,,,147,,,175 St,147,
N012,R035,168 ST,AC1,IND,Open,,0,,168 ST-BROADWAY,148,,,168 St,605,168 St - Washington Hts
N013,R035,168 ST,AC1,IND,Open,,1,,168 ST-BROADWAY,148,,,168 St,605,168 St - Washington Hts
N014,R035,168 ST,AC1,IND,Closed,,0,,,148,,,168 St,605,168 St - Washington Hts
N015,R296,163 ST-AMSTERDM,C,IND,Closed,,0,,,149,,,163 St-Amsterdam Av,149,
N016A,R296,163 ST-AMSTERDM,C,IND,Open,,1,,,149,,,163 St-Amsterdam Av,149,
N017,R331,155 ST,C,IND,Open,,1,,,150,,,155 St,150,
N018,R331,155 ST,C,IND,Closed,,0,,,150,,,155 St,150,
N019,R101,145 ST,ABCD,IND,Open,,0,,,151,,,145 St,151,
N020,R101,145 ST,ABCD,IND,Open,,1,,,151,,,145 St,151,
N021,R332,135 ST,BC,IND,Open,N023,0,,,152,,,135 St,152,
N022,R332,135 ST,BC,IND,Open,,0,,135TH STREET,152,,,135 St,152,
N023,R332,135 ST,BC,IND,Open,,0,,135TH STREET,152,,,135 St,152,
N024,R332,135 ST,BC,IND,Open,,1,,135TH STREET,152,,,135 St,152,
N025,R102,125 ST,ACBD,IND,Open,,0,,,153,,,125 St,153,
N026,R102,125 ST,ACBD,IND,Open,,1,,,153,,,125 St,153,
N027,R333,116 ST,BC,IND,Closed,,0,,,154,,,116 St,154,
N028,R333,116 ST,BC,IND,Closed,,0,,,154,,,116 St,154,
N029,R333,116 ST,BC,IND,Open,,0,,,154,,,116 St,154,
N030,R333,116 ST,BC,IND,Open,,1,,,154,,,116 St,154,
N031,R334,CATHEDRAL PKWY,BC,IND,Closed,,0,,,155,,,Cathedral Pkwy (110 St),155,
N032,R334,CATHEDRAL PKWY,BC,IND,Closed,,0,,,155,,,Cathedral Pkwy (110 St),155,
N033,R334,CATHEDRAL PKWY,BC,IND,Closed,,0,,,155,,,Cathedral Pkwy (110 St),155,
N034,R334,CATHEDRAL PKWY,BC,IND,Open,,0,,"110 ST-CATHEDRL,CATHEDRL-110 ST",155,,,Cathedral Pkwy (110 St),155,
N035,R334,CATHEDRAL PKWY,BC,IND,Open,,1,,"110 ST-CATHEDRL,CATHEDRL-110 ST",155,,,Cathedral Pkwy (110 St),155,
N036,R314,103 ST,BC,IND,Closed,,0,,,156,,,103 St,156,
N037,R314,103 ST,BC,IND,Open,,1,,,156,,,103 St,156,
N038,R314,103 ST,BC,IND,Closed,,0,,,156,,,103 St,156,
N039,R251,96 ST,BC,IND,Open,,0,,,157,,,96 St,157,
N040,R251,96 ST,BC,IND,Open,,1,,,157,,,96 St,157,
N041,R251,96 ST,BC,IND,Closed,,0,,,157,,,96 St,157,
N042,R186,86 ST,BC,IND,Open,N043,0,,,158,,,86 St,158,
N043,R186,86 ST,BC,IND,Open,,1,,,158,,,86 St,158,
N044,R187,81 ST-MUSEUM,BC,IND,Open,,1,,,159,,,81 St-Museum of Natural History,159,
N045,R187,81 ST-MUSEUM,BC,IND,Open,,,,,159,,,81 St-Museum of Natural History,159,
N046,R281,72 ST,BC,IND,Open,,1,,,160,,,72 St,160,
N046A,R281,72 ST,BC,IND,Closed,,0,,,160,,,72 St,160,
N047,R281,72 ST,BC,IND,Open,N046,0,,,160,,,72 St,160,
N048,R084,59 ST COLUMBUS,ABCD1,IND,Closed,,0,,,161,,,59 St-Columbus Circle,614,59 St - Columbus Circle
N049,R084,59 ST COLUMBUS,ABCD1,IND,Open,,1,,59 ST-COLUMBUS,161,315,,59 St-Columbus Circle,614,59 St - Columbus Circle
N051,R084,59 ST COLUMBUS,ABCD1,IND,Open,,1,,59 ST-COLUMBUS,161,315,,59 St-Columbus Circle,614,59 St - Columbus Circle
N052,R188,50 ST,CE,IND,Closed,,0,,,162,,,50 St,162,
N053,R188,50 ST,CE,IND,Closed,,0,,,162,,,50 St,162,
N054,R188,50 ST,CE,IND,Closed,,0,,,162,,,50 St,162,
N055,R188,50 ST,CE,IND,Open,N056,0,,,162,,,50 St,162,
N056,R188,50 ST,CE,IND,Open,,0,,,162,,,50 St,162,
N057,R188,50 ST,CE,IND,Open,,1,,,162,,,50 St,162,
N060,R010,42 ST-PORT AUTH,ACENGRS1237W,IND,Open,,0,,"42 ST,42 ST-PA BUS TE",163,,,42 St-Port Authority Bus Terminal,611,Times Sq - 42 St / Port Authority Bus Terminal
N062,R011,42 ST-PORT AUTH,ACENQRS1237W,IND,Open,,0,,"42 STREET,42 ST-PA BUS TE",163,,,42 St-Port Authority Bus Terminal,611,Times Sq - 42 St / Port Authority Bus Terminal
N062A,R010,42 ST-PORT AUTH,ACENQRS1237W,IND,Open,,1,,"42 ST,42 ST-PA BUS TE",163,,,42 St-Port Authority Bus Terminal,611,Times Sq - 42 St / Port Authority Bus Terminal
N063,R011,42 ST-PORT AUTH,ACENQRS1237W,IND,Open,,0,,"42 STREET,42 ST-PA BUS TE",163,,,42 St-Port Authority Bus Terminal,611,Times Sq - 42 St / Port Authority Bus Terminal
N063A,R011,42 ST-PORT AUTH,ACENQRS1237W,IND,Open,,1,,"42 STREET,42 ST-PA BUS TE",163,,,42 St-Port Authority Bus Terminal,611,Times Sq - 42 St / Port Authority Bus Terminal
N064,R012,34 ST-PENN STA,ACE,IND,Closed,,0,,,164,,,34 St-Penn Station,164,
N065,R012,34 ST-PENN STA,ACE,IND,Closed,,0,,,164,,,34 St-Penn Station,164,
N067,R012,34 ST-PENN STA,ACE,IND,Open,,0,,,164,,,34 St-Penn Station,164,
N068,R012,34 ST-PENN STA,ACE,IND,Open,,,,,164,,,34 St-Penn Station,164,
N069,R013,34 ST-PENN STA,ACE,IND,Open,,0,,,164,,,34 St-Penn Station,164,
N070,R012,34 ST-PENN STA,ACE,IND,Open,,1,,,164,,,34 St-Penn Station,164,
N071,R013,34 ST-PENN STA,ACE,IND,Open,,0,,,164,,,34 St-Penn Station,164,
N072,R012,34 ST-PENN STA,ACE,IND,Open,,1,,,164,,,34 St-Penn Station,164,
N073,R013,34 ST-PENN STA,ACE,IND,Open,,1,,,164,,,34 St-Penn Station,164,
N074,R111,23 ST,CE,IND,Open,N076,0,,,165,,,23 St,165,
N075,R111,23 ST,CE,IND,Open,,0,,,165,,,23 St,165,
N076,R111,23 ST,CE,IND,Open,,1,,,165,,,23 St,165,
N077,R111,23 ST,CE,IND,Open,,0,,,165,,,23 St,165,
N078,R175,14 ST,ACEL,IND,Open,,1,,,166,,,14 St,618,14 St / 8 Av
N079,R175,14 ST,ACEL,IND,Open,H001,0,,,166,,,14 St,618,14 St / 8 Av
N080,R138,W 4 ST-WASH SQ,ABCDEFM,IND,Open,,0,,,167,,,W 4 St-Wash Sq,167,
N081,R138,W 4 ST-WASH SQ,ABCDEFM,IND,Open,N080,0,,,167,,,W 4 St-Wash Sq,167,
N083,R138,W 4 ST-WASH SQ,ABCDEFM,IND,Open,,1,,,167,,,W 4 St-Wash Sq,167,
N084,R282,SPRING ST,CE,IND,Closed,,0,,,168,,,Spring St,168,
N085,R282,SPRING ST,CE,IND,Closed,,0,,,168,,,Spring St,168,
N086,R282,SPRING ST,CE,IND,Open,,1,,,168,,,Spring St,168,
N087,R282,SPRING ST,CE,IND,Open,,0,,,168,,,Spring St,168,
N088,R139,CANAL ST,ACE,IND,Open,N089,0,,,169,,,Canal St,169,
N089,R139,CANAL ST,ACE,IND,Open,,1,,,169,,,Canal St,169,
N090,R139,CANAL ST,ACE,IND,Open,,0,,,169,,,Canal St,169,
N091,R029,CHAMBERS ST,ACE23,IND,Open,,,,,170,,,Chambers St,624,Chambers St / WTC / Park Place / Cortlandt St
N092,R029,CHAMBERS ST,ACE23,IND,Open,,1,,,170,331,,Chambers St,624,Chambers St / WTC / Park Place / Cortlandt St
N094,R029,WORLD TRADE CTR,ACE23,IND,Open,,1,,,171,,,World Trade Center,624,Chambers St / WTC / Park Place / Cortlandt St
N095,R014,FULTON ST,ACJZ2345,IND,Open,,1,,BROADWAY-NASSAU,172,412,,Fulton St,628,Fulton St
N095A,R014,FULTON ST,2345ACJZ,IND,Open,,0,,,172,412,,Fulton St,628,Fulton St
N098,R028,FULTON ST,2345ACJZ,IND,Open,,1,,,172,332,,Fulton St,628,Fulton St
N100,R252,HIGH ST,AC,IND,Open,,1,,,173,,,High St,173,
N101,R252,HIGH ST,AC,IND,Open,,0,,,173,,,High St,173,
N102,R127,JAY ST-METROTEC,ACF,IND,Open,,0,,JAY ST-BOROUGH,174,,,Jay St-MetroTech,636,Jay St - MetroTech
N103,R127,JAY ST-METROTEC,ACF,IND,Open,,1,,JAY ST-BOROUGH,174,,,Jay St-MetroTech,636,Jay St - MetroTech
N108,R217,HOYT-SCHER,ACG,IND,Open,,1,,HOYT/SCHERMER,175,,,Hoyt-Schermerhorn Sts,175,
N110,R283,LAFAYETTE AV,C,IND,Open,,1,,LAFAYETTE AVE,176,,,Lafayette Av,176,
N111,R284,CLINTON-WASH AV,C,IND,Open,,1,,,177,,,Clinton-Washington Avs,177,
N111A,R284,CLINTON-WASH AV,C,IND,Open,N111,0,,,177,,,Clinton-Washington Avs,177,
N112,R284,CLINTON-WASH AV,C,IND,Open,N112A,0,,,177,,,Clinton-Washington Avs,177,
N112A,R284,CLINTON-WASH AV,C,IND,Open,,0,,,177,,,Clinton-Washington Avs,177,
N113,R297,FRANKLIN AV,ACS,IND,Open,,0,,FRANKLIN AVE,178,,,Franklin Av,627,Franklin Av
N113A,R297,FRANKLIN AV,ACS,IND,Closed,,0,,,178,,,Franklin Av,627,Franklin Av
N114,R297,FRANKLIN AV,ACS,IND,Open,,1,,FRANKLIN AVE,178,139,,Franklin Av,627,Franklin Av
N114A,R297,FRANKLIN AV,ACS,IND,Closed,,0,,,178,,,Franklin Av,627,Franklin Av
N116,R198,NOSTRAND AV,AC,IND,Open,,1,,NOSTRAND AVE,179,,,Nostrand Av,179,
N117,R198,NOSTRAND AV,AC,IND,Open,,0,,NOSTRAND AVE,179,,,Nostrand Av,179,
N118,R199,KINGSTON-THROOP,C,IND,Open,,0,,,180,,,Kingston-Throop Avs,180,
N119,R199,KINGSTON-THROOP,C,IND,Open,,1,,,180,,,Kingston-Throop Avs,180,
N120,R153,UTICA AV,AC,IND,Open,,1,,UTICA AVE,181,,,Utica Av,181,
N120A,R153,UTICA AV,AC,IND,Open,,0,,UTICA AVE,181,,,Utica Av,181,
N121B,R438,RALPH AV,C,IND,Open,,1,,RALPH AVE,182,,,Ralph Av,182,
N121C,R438,RALPH AV,C,IND,Closed,,0,,,182,,,Ralph Av,182,
N122,R439,ROCKAWAY AV,C,IND,Open,,1,,ROCKAWAY AVE,183,,,Rockaway Av,183,
N123A,R439,ROCKAWAY AV,C,IND,Exit-only,N123B,0,,,183,,,Rockaway Av,183,
N123B,R439,ROCKAWAY AV,C,IND,Open,,0,,ROCKAWAY AVE,183,,,Rockaway Av,183,
N124,R103,BROADWAY JCT,ACJLZ,IND,Open,,1,,BROADWAY-ENY,184,92,132,Broadway Junction,621,Broadway Junction
N125,R440,LIBERTY AV,C,IND,Open,,1,,LIBERTY AVE,185,,,Liberty Av,185,
N126,R441,VAN SICLEN AVE,C,IND,Open,,1,,VAN SICLEN AV,186,,,Van Siclen Av,186,
N127,R442,SHEPHERD AV,C,IND,Open,,1,,SHEPHERD AVE,187,,,Shepherd Av,187,
N128,R200,EUCLID AV,AC,IND,Open,,1,,EUCLID AVE,188,,,Euclid Av,188,
N129,R382,GRANT AV,A,IND,Open,,1,,GRANT AVE,189,,,Grant Av,189,
N130,R383,80 ST,A,IND,Open,,0,,HUDSON-80 ST,190,,,80 St,190,
N131,R383,80 ST,A,IND,Open,,1,,HUDSON-80 ST,190,,,80 St,190,
N133,R384,88 ST,A,IND,Open,,1,,BOYD-88 ST,191,,,88 St,191,
N134,R385,ROCKAWAY BLVD,A,IND,Open,,1,,,192,,,Rockaway Blvd,192,
N135,R385,ROCKAWAY BLVD,A,IND,Open,,0,,,192,,,Rockaway Blvd,192,
N137,R354,104 ST,A,IND,Open,,1,,OXFORD-104 ST,193,,,104 St,193,
N138,R355,111 ST,A,IND,Open,,0,,GREENWOOD-111,194,,,111 St,194,
N139,R355,111 ST,A,IND,Open,,1,,GREENWOOD-111,194,,,111 St,194,
N141,R356,OZONE PK LEFFRT,A,IND,Open,,1,,LEFFERTS BLVD,195,,,Ozone Park-Lefferts Blvd,195,
N181,R357,AQUEDUCT N.COND,A,IND,Closed,,1,,AQUEDUCT-N CNDT,197,,,Aqueduct-N Conduit Av,197,
N181A,R464,AQUEDUCT RACETR,A,IND,Open,,0,,"AQUEDUCT,AQUEDUCT TRACK",196,,,Aqueduct Racetrack,196,
N182,R414,HOWARD BCH JFK,A,IND,Open,,,,HOWARD BCH-JFK,198,,,Howard Beach-JFK Airport,198,
N182A,R414,HOWARD BCH-JFK,A,IND,Closed,,0,,,198,,,Howard Beach-JFK Airport,198,
N183,R415,BROAD CHANNEL,AS,IND,Closed,,1,,,199,,,Broad Channel,199,
N184,R416,BEACH 90 ST,AS,IND,Open,,1,,HOLLAND-B 90 ST,200,,,Beach 90 St,200,
N185,R417,BEACH 98 ST,AS,IND,Open,,1,,PLAYLAND-B 98,201,,,Beach 98 St,201,
N186,R418,BEACH 105 ST,AS,IND,Open,,1,,SEASIDE-B 105,202,,,Beach 105 St,202,
N187,R419,ROCKAWAY PARK B,AS,IND,Open,,1,,ROCKAWAY PK 116,203,,,Rockaway Park-Beach 116 St,203,
N191,R335,BEACH 67 ST,A,IND,Open,,1,,GASTON AV,204,,,Beach 67 St,204,
N192,R336,BEACH 60 ST,A,IND,Open,,1,,STRAITON AV,205,,,Beach 60 St,205,
N193,R337,BEACH 44 ST,A,IND,Open,,1,,FRANK AV,206,,,Beach 44 St,206,
N194,R338,BEACH 36 ST,A,IND,Open,,1,,EDGMERE,207,,,Beach 36 St,207,
N195,R358,BEACH 25 ST,A,IND,Open,,1,,WAVECREST-B 25,208,,,Beach 25 St,208,
N196,R285,FAR ROCKAWAY,A,IND,Open,,1,,,209,,,Far Rockaway-Mott Av,209,
N201,R315,155 ST,BD,IND,Closed,,0,,,220,,,155 St,220,
N202,R315,155 ST,BD,IND,Open,,1,,,220,,,155 St,220,
N203,R195,161/YANKEE STAD,BD4,IND,Open,,1,,161 ST-YANKEE,219,,,161 St-Yankee Stadium,604,161 St - Yankee Stadium
N204,R195,161/YANKEE STAD,BD4,IND,Closed,,0,,161 ST-YANKEE,219,,,161 St-Yankee Stadium,604,161 St - Yankee Stadium
N205,R195,161/YANKEE STAD,BD4,IND,Open,,0,,161 ST-YANKEE,219,,,161 St-Yankee Stadium,604,161 St - Yankee Stadium
N206,R104,167 ST,BD,IND,Open,,0,,,218,,,167 St,218,
N207,R104,167 ST,BD,IND,Open,,1,,,218,,,167 St,218,
N208,R443,170 ST,BD,IND,Open,,0,,,217,,,170 St,217,
N208A,R443,170 ST,BD,IND,Exit-only,N208,0,,,217,,,170 St,217,
N209,R443,170 ST,BD,IND,Open,,1,,,217,,,170 St,217,
N210,R253,174-175 STS,BD,IND,Open,,1,,174-175 ST,216,,,174-175 Sts,216,
N211,R253,174-175 STS,BD,IND,Closed,,0,,,216,,,174-175 Sts,216,
N212,R253,174-175 STS,BD,IND,Open,,0,,174-175 ST,216,,,174-175 Sts,216,
N213,R154,TREMONT AV,BD,IND,Open,,1,,TREMONT AVE,215,,,Tremont Av,215,
N214,R154,TREMONT AVE,BD,IND,Open,N213,0,,,215,,,Tremont Av,215,
N215,R237,182-183 STS,BD,IND,Open,,1,,182-183 ST,214,,,182-183 Sts,214,
N215A,R237,182-183 STS,BD,IND,Closed,,0,,,214,,,182-183 Sts,214,
N216,R237,182-183 STS,BD,IND,Closed,,0,,,214,,,182-183 Sts,214,
N217,R112,FORDHAM RD,BD,IND,Open,,1,,FORDHAM ROAD,213,,,Fordham Rd,213,
N218,R112,FORDHAM RD,BD,IND,Open,,0,,FORDHAM ROAD,213,,,Fordham Rd,213,
N219,R112,FORDHAM RD,BD,IND,Closed,,0,,,213,,,Fordham Rd,213,
N220,R155,KINGSBRIDGE RD,BD,IND,Open,,0,,,212,,,Kingsbridge Rd,212,
N221,R155,KINGSBRIDGE RD,BD,IND,Open,,1,,,212,,,Kingsbridge Rd,212,
N222,R156,BEDFORD PK BLVD,BD,IND,Open,,1,,BEDFORD PARK BL,211,,,Bedford Park Blvd,211,
N223,R156,BEDFORD PK BLVD,BD,IND,Open,,0,,BEDFORD PARK BL,211,,,Bedford Park Blvd,211,
N224,R157,NORWOOD 205 ST,D,IND,Open,,1,,"205 ST,NORWOOD-205 ST",210,,,Norwood-205 St,210,
N225,R157,NORWOOD 205 ST,D,IND,Open,,0,,"205 ST,NORWOOD-205 ST",210,,,Norwood-205 St,210,
N300,R113,7 AV,BDE,IND,Open,,0,,7 AVE-53 ST,277,,,7 Av,277,
N301,R113,7 AV,BDE,IND,Open,,1,,7 AVE-53 ST,277,,,7 Av,277,
N303,R015,5 AV/53 ST,EM,IND,Open,,1,,"FIFTH AVE,5 AVE-53 ST",276,,,5 Av/53 St,276,
N304,R015,5 AV/53 ST,EM,IND,Open,,0,,"FIFTH AVE,5 AVE-53 ST",276,,,5 Av/53 St,276,
N304A,R015,5 AV/53 ST,EM,IND,Open,N304,0,,,276,,,5 Av/53 St,276,
N305,R017,LEXINGTON AV/53,EM6,IND,Open,,1,,"LEXINGTON-3RD,LEXINGTON-53 ST",275,,,Lexington Av/53 St,612,51 St - Lexington Av / 53 St
N305A,R016,LEXINGTON AV/53,EM6,IND,Open,,0,,"LEXINGTON-3RD,LEXINGTON-53 ST",275,401,,Lexington Av/53 St,612,51 St - Lexington Av / 53 St
N305B,R016,LEXINGTON AV/53,EM6,IND,Open,N305A,0,,,275,401,,Lexington Av/53 St,612,51 St - Lexington Av / 53 St
N306,R017,LEXINGTON AV/53,EM6,IND,Open,,1,,"LEXINGTON-3RD,LEXINGTON-53 ST",275,,,Lexington Av/53 St,612,51 St - Lexington Av / 53 St
N306A,R017,LEXINGTON AV/53,EM6,IND,Open,N306,0,,,275,,,Lexington Av/53 St,612,51 St - Lexington Av / 53 St
N307,R359,COURT SQ-23 ST,EMG,IND,Open,,1,,23 ST-ELY AV,274,,,Court Sq-23 St,606,Court Sq - 23 St
N308,R359,COURT SQ-23 ST,EMG,IND,Open,N307,0,,,274,,,Court Sq-23 St,606,Court Sq - 23 St
N309A,R140,QUEENS PLAZA,EMR,IND,Open,,1,,,273,,,Queens Plaza,273,
N310,R140,QUEENS PLAZA,EMR,IND,Open,,0,,,273,,,Queens Plaza,273,
N311,R339,36 ST,MR,IND,Open,,0,,,272,,,36 St,272,
N312,R339,36 ST,MR,IND,Open,,1,,,272,,,36 St,272,
N312A,R339,36 ST,MR,IND,Open,N312,0,,,272,,,36 St,272,
N313,R339,36 ST,MR,IND,Open,N311,0,,,272,,,36 St,272,
N314,R238,STEINWAY ST,MR,IND,Open,,0,,,271,,,Steinway St,271,
N315,R238,STEINWAY ST,MR,IND,Open,,1,,,271,,,Steinway St,271,
N316,R267,46 ST,MR,IND,Open,,1,,,270,,,46 St,270,
N316A,R267,46 ST,MR,IND,Open,,0,,,270,,,46 St,270,
N317,R267,46 ST,MR,IND,Open,,0,,,270,,,46 St,270,
N318,R298,NORTHERN BLVD,MR,IND,Open,,1,,,269,,,Northern Blvd,269,
N319,R298,NORTHERN BLVD,MR,IND,Open,,0,,,269,,,Northern Blvd,269,
N322,R340,65 ST,MR,IND,Open,,1,,,268,,,65 St,268,
N323,R018,JKSN HT-ROOSVLT,EFMR7,IND,Open,,0,,ROOSEVELT AVE,267,,,Jackson Hts-Roosevelt Av,616,Jackson Hts-Roosevelt Av / 74 St
N324,R018,JKSN HT-ROOSVLT,EFMR7,IND,Open,,1,,ROOSEVELT AVE,267,,,Jackson Hts-Roosevelt Av,616,Jackson Hts-Roosevelt Av / 74 St
N325A,R218,ELMHURST AV,MR,IND,Open,,1,,ELMHURST AVE,266,,,Elmhurst Av,266,
N327,R254,GRAND-NEWTOWN,MR,IND,Open,,1,,GRAND AV-NEWTON,265,,,Grand Av-Newtown,265,
N329,R201,WOODHAVEN BLVD,MR,IND,Open,,1,,,264,,,Woodhaven Blvd,264,
N329A,R201,WOODHAVEN BLVD,MR,IND,Open,,0,,,264,,,Woodhaven Blvd,264,
N330,R202,63 DR-REGO PARK,MR,IND,Open,,1,,,263,,,63 Dr-Rego Park,263,
N330B,R202,63 DR-REGO PARK,MR,IND,Closed,,0,,,263,,,63 Dr-Rego Park,263,
N330C,R202,63 DR-REGO PARK,MR,IND,Open,,0,,,263,,,63 Dr-Rego Park,263,
N331,R219,67 AV,MR,IND,Open,,1,,67 AVE,262,,,67 Av,262,
N332,R219,67 AV,MR,IND,Open,,0,,67 AVE,262,,,67 Av,262,
N333,R141,FOREST HILLS 71,EFMR,IND,Open,,0,,"71 ST-CONTINENT,FOREST HILLS-71",261,,,Forest Hills-71 Av,261,
N333A,R141,FOREST HILLS 71,EFMR,IND,Open,,1,,"71 ST-CONTINENT,FOREST HILLS-71",261,,,Forest Hills-71 Av,261,
N333B,R141,FOREST HILLS 71,EFMR,IND,Open,,0,,"71 ST-CONTINENT,FOREST HILLS-71",261,,,Forest Hills-71 Av,261,
N334B,R341,75 AV,EF,IND,Open,,1,,75 AVE,260,,,75 Av,260,
N335,R158,KEW GARDENS,EF,IND,Open,,0,,UNION TPK-KEW G,259,,,Kew Gardens-Union Tpke,259,
N336,R158,KEW GARDENS,EF,IND,Open,,1,,UNION TPK-KEW G,259,,,Kew Gardens-Union Tpke,259,
N337,R255,BRIARWOOD,EF,IND,Open,,1,,VAN WYCK BLVD,258,,,Briarwood,258,
N338,R128,SUTPHIN BLVD,F,IND,Open,,1,,,257,,,Sutphin Blvd,257,
N338B,R128,SUTPHIN BLVD,F,IND,Open,,0,,,257,,,Sutphin Blvd,257,
N339,R114,PARSONS BLVD,F,IND,Open,,1,,,256,,,Parsons Blvd,256,
N339A,R114,PARSONS BLVD,F,IND,Open,,0,,,256,,,Parsons Blvd,256,
N340,R115,169 ST,F,IND,Open,,0,,,255,,,169 St,255,
N340A,R115,169 ST,F,IND,Open,,1,,,255,,,169 St,255,
N342,R019,JAMAICA 179 ST,F,IND,Open,,0,,"179 STREET,JAMAICA-179 ST",254,,,Jamaica-179 St,254,
N343,R019,JAMAICA 179 ST,F,IND,Open,,1,,"179 STREET,JAMAICA-179 ST",254,,,Jamaica-179 St,254,
N400,R359,COURT SQ,EMG,IND,Open,N400A,0,,,281,,,Court Sq,606,Court Sq - 23 St
N400A,R359,COURT SQ,EMG,IND,Open,,1,,,281,274,,Court Sq,606,Court Sq - 23 St
N401,R360,21 ST,G,IND,Open,,1,,VAN ALSTON-21ST,282,,,21 St,282,
N403,R239,GREENPOINT AVE,G,IND,Open,N405,0,,,283,,,Greenpoint Av,283,
N404,R239,GREENPOINT AV,G,IND,Open,N405,0,,,283,,,Greenpoint Av,283,
N405,R239,GREENPOINT AV,G,IND,Open,,1,,GREENPOINT AVE,283,,,Greenpoint Av,283,
N406,R256,NASSAU AV,G,IND,Open,N408A,0,,,284,,,Nassau Av,284,
N407,R256,NASSAU AV,G,IND,Open,N408A,0,,,284,,,Nassau Av,284,
N408,R256,NASSAU AV,G,IND,Open,N408A,0,,,284,,,Nassau Av,284,
N408A,R256,NASSAU AV,G,IND,Open,,1,,NASSAU ST,284,,,Nassau Av,284,
N409,R268,METROPOLITAN AV,GL,IND,Open,,1,,,285,,,Metropolitan Av,629,Metropolitan Av / Lorimer St
N410,R268,METROPOLITAN AV,GL,IND,Open,N409,0,,,285,,,Metropolitan Av,629,Metropolitan Av / Lorimer St
N411,R299,BROADWAY,G,IND,Closed,,0,,,286,,,Broadway,286,
N412,R299,BROADWAY,G,IND,Open,,1,,,286,,,Broadway,286,
N414,R316,FLUSHING AV,G,IND,Open,,1,,FLUSHING AVE,287,,,Flushing Av,287,
N414A,R316,FLUSHING AV,G,IND,Open,,0,,FLUSHING AVE,287,,,Flushing Av,287,
N415,R286,MYRTLE-WILLOUGH,G,IND,Open,,1,,,288,,,Myrtle-Willoughby Avs,288,
N415A,R286,MYRTLE-WILLOUGH,G,IND,Closed,,0,,,288,,,Myrtle-Willoughby Avs,288,
N416,R286,MYRTLE-WILLOUGH,G,IND,Open,,0,,,288,,,Myrtle-Willoughby Avs,288,
N416A,R286,MYRTLE-WILLOUGH,G,IND,Closed,,0,,,288,,,Myrtle-Willoughby Avs,288,
N417,R269,BEDFORD-NOSTRAN,G,IND,Open,,1,,"BEDFORD/NOSTREN,BEDFORD/NOSTRAN",289,,,Bedford-Nostrand Avs,289,
N418,R269,BEDFORD-NOSTRAN,G,IND,Open,,0,,"BEDFORD/NOSTREN,BEDFORD/NOSTRAN",289,,,Bedford-Nostrand Avs,289,
N419,R287,CLASSON AV,G,IND,Open,,1,,CLASSON AVE,290,,,Classon Av,290,
N420B,R317,CLINTON-WASH AV,G,IND,Open,,1,,,291,,,Clinton-Washington Avs,291,
N421,R318,FULTON ST,G,IND,Closed,,0,,,292,,,Fulton St,292,
N422,R318,FULTON ST,G,IND,Open,,1,,,292,,,Fulton St,292,
N422A,R318,FULTON ST,G,IND,Open,N422,0,,,292,,,Fulton St,292,
N422B,R318,FULTON ST,G,IND,Open,N422,0,,,292,,,Fulton St,292,
N500,R020,47-50 STS ROCK,BDFM,IND,Open,,1,,47-50 ST-ROCK,225,,,47-50 Sts-Rockefeller Ctr,225,
N500A,R020,47-50 STS ROCK,BDFM,IND,Open,N500,0,,,225,,,47-50 Sts-Rockefeller Ctr,225,
N500B,R020,47-50 STS ROCK,BDFM,IND,Closed,,0,,,225,,,47-50 Sts-Rockefeller Ctr,225,
N501,R020,47-50 STS ROCK,BDFM,IND,Open,,0,,47-50 ST-ROCK,225,,,47-50 Sts-Rockefeller Ctr,225,
N501A,R020,47-50 STS ROCK,BDFM,IND,Open,,0,,47-50 ST-ROCK,225,,,47-50 Sts-Rockefeller Ctr,225,
N502,R021,42 ST-BRYANT PK,BDFM7,IND,Open,,0,,42 STREET,226,,,42 St-Bryant Pk,609,42 St - Bryant Pk / 5 Av
N503,R021,42 ST-BRYANT PK,BDFM7,IND,Open,,1,,42 STREET,226,,,42 St-Bryant Pk,609,42 St - Bryant Pk / 5 Av
N504,R021,42 ST-BRYANT PK,BDFM7,IND,Open,,0,,42 STREET,226,,,42 St-Bryant Pk,609,42 St - Bryant Pk / 5 Av
N505,R022,34 ST-HERALD SQ,BDFMNQRW,IND,Open,,0,,34 STREET,227,12,,34 St-Herald Sq,607,34 St - Herald Sq
N505A,R022,34 ST-HERALD SQ,BDFMNQRW,IND,Open,N505,0,,,227,12,,34 St-Herald Sq,607,34 St - Herald Sq
N506,R022,34 ST-HERALD SQ,BDFMNQRW,IND,Open,,1,,34 STREET,227,12,,34 St-Herald Sq,607,34 St - Herald Sq
N507,R023,34 ST-HERALD SQ,BDFMNQRW,IND,Open,,1,,34 STREET,227,,,34 St-Herald Sq,607,34 St - Herald Sq
N508,R453,23 ST,FM,IND,Open,,0,,"23RD STREET,23 ST-6 AVE",228,,,23 St,228,
N509,R203,23 ST,FM,IND,Open,,1,,23 ST-6 AVE,228,,,23 St,228,
N510,R163,14 ST,FLM123,IND,Open,,0,,14 ST-6 AVE,229,,,14 St,601,14 St / 6 Av
N511,R163,14 ST,FLM123,IND,Open,,0,,14 ST-6 AVE,229,,,14 St,601,14 St / 6 Av
N512,R163,14 ST,FLM123,IND,Open,,1,,14 ST-6 AVE,229,,,14 St,601,14 St / 6 Av
N513,R163,14 ST,FLM123,IND,Open,,0,,14 ST-6 AVE,229,,,14 St,601,14 St / 6 Av
N519,R461,B'WAY-LAFAYETTE,BDFQ6,IND,Open,,1,,BROADWAY/LAFAY,230,,,Broadway-Lafayette St,619,Broadway-Lafayette St / Bleecker St
N519A,R461,B'WAY-LAFAYETTE,BDFQ6,IND,Open,,0,,BROADWAY/LAFAY,230,408,,Broadway-Lafayette St,619,Broadway-Lafayette St / Bleecker St
N520,R240,GRAND ST,BD,IND,Open,,1,,,231,,,Grand St,231,
N521,R300,2 AV,F,IND,Open,,0,,2 AVE,232,,,2 Av,232,
N522,R300,2 AV,F,IND,Closed,,0,,,232,,,2 Av,232,
N523,R300,2 AV,F,IND,Open,,1,,2 AVE,232,,,2 Av,232,
N524,R142,DELANCEY/ESSEX,FJMZ,IND,Closed,,0,,,233,,,Delancey St-Essex St,625,Delancey St / Essex St
N525,R142,DELANCEY/ESSEX,FJMZ,IND,Open,,1,,DELANCEY ST,233,102,,Delancey St-Essex St,625,Delancey St / Essex St
N526,R142,DELANCEY/ESSEX,FJMZ,IND,Open,,0,,DELANCEY ST,233,102,,Delancey St-Essex St,625,Delancey St / Essex St
N526A,R142,DELANCEY/ESSEX,FJMZ,IND,Exit-only,N526,0,,,233,102,,Delancey St-Essex St,625,Delancey St / Essex St
N527,R142,DELANCEY/ESSEX,FJMZ,IND,Closed,,0,,,233,,,Delancey St-Essex St,625,Delancey St / Essex St
N528,R257,EAST BROADWAY,F,IND,Open,,0,,,234,,,East Broadway,234,
N529,R257,EAST BROADWAY,F,IND,Open,,1,,,234,,,East Broadway,234,
N530,R301,YORK ST,F,IND,Open,,1,,,235,,,York St,235,
N531,R129,BERGEN ST,FG,IND,Open,,0,,,236,,,Bergen St,236,
N531A,R129,BERGEN ST,FG,IND,Open,N531,0,,,236,,,Bergen St,236,
N532,R129,BERGEN ST,FG,IND,Open,,1,,,236,,,Bergen St,236,
N533,R129,BERGEN ST,FG,IND,Open,,0,,,236,,,Bergen St,236,
N534,R220,CARROLL ST,FG,IND,Open,,0,,,237,,,Carroll St,237,
N534A,R220,CARROLL ST,FG,IND,Open,N534,0,,,237,,,Carroll St,237,
N535,R220,CARROLL ST,FG,IND,Open,,1,,,237,,,Carroll St,237,
N536,R270,SMITH-9 ST,FG,IND,Open,,1,,SMITH/9 ST,238,,,Smith-9 Sts,238,
N537,R258,4 AV-9 ST,DFGMNR,IND,Open,,1,,4 AVE,239,29,,4 Av-9 St,608,4 Av - 9 St
N539,R288,7 AV,FG,IND,Open,,1,,,240,,,7 Av,240,
N539A,R288,7 AV,FG,IND,Closed,,0,,7 AV-PARK SLOPE,240,,,7 Av,240,
N541,R241,15 ST-PROSPECT,FG,IND,Open,,0,,,241,,,15 St-Prospect Park,241,
N542,R241,15 ST-PROSPECT,FG,IND,Open,,1,,,241,,,15 St-Prospect Park,241,
N543,R289,FT HAMILTON PKY,FG,IND,Open,,1,,,242,,,Fort Hamilton Pkwy,242,
N544,R289,FT HAMILTON PKY,FG,IND,Open,,0,,,242,,,Fort Hamilton Pkwy,242,
N545,R204,CHURCH AV,FG,IND,Open,,0,,CHURCH AVE,243,,,Church Av,243,
N546,R204,CHURCH AV,FG,IND,Open,,1,,CHURCH AVE,243,,,Church Av,243,
N547,R420,DITMAS AV,F,IND,Open,,0,,DITMAS AVE,244,,,Ditmas Av,244,
N548,R420,DITMAS AV,F,IND,Open,,1,,DITMAS AVE,244,,,Ditmas Av,244,
N549,R242,18 AV,F,IND,Open,,1,,18 AVE,245,,,18 Av,245,
N550,R242,18 AV,F,IND,Open,,0,,18 AVE,245,,,18 Av,245,
N551,R421,AVENUE I,F,IND,Open,,1,,"AVI, AVE I",246,,,Avenue I,246,
N552,R421,AVENUE I,F,IND,Open,N551,0,,,246,,,Avenue I,246,
N553,R422,BAY PKWY,F,IND,Open,,1,,"22 AV-BAY PKY,22 AVE-BAY PKY",247,,,Bay Pkwy,247,
N554,R423,AVENUE N,F,IND,Open,,0,,"AV N,AVE N",248,,,Avenue N,248,
N555,R423,AVENUE N,F,IND,Open,,1,,"AV N,AVE N",248,,,Avenue N,248,
N556,R424,AVENUE P,F,IND,Open,,1,,AVE P,249,,,Avenue P,249,
N557,R130,KINGS HWY,F,IND,Open,,1,,KINGS HIGHWAY,250,,,Kings Hwy,250,
N558,R130,KINGS HWY,F,IND,Open,,0,,KINGS HIGHWAY,250,,,Kings Hwy,250,
N559,R425,AVENUE U,F,IND,Open,,1,,AVE U,251,,,Avenue U,251,
N560,R425,AVENUE U,F,IND,Open,N559,0,,,251,,,Avenue U,251,
N561,R271,AVENUE X,F,IND,Open,,1,,AVE X,252,,,Avenue X,252,
N562,R426,NEPTUNE AV,F,IND,Open,,1,,NEPTUNE AVE,253,,,Neptune Av,253,
N600,R302,57 ST,F,IND,Open,,1,,,224,,,57 St,224,
N601,R319,LEXINGTON AV/63,F,IND,Open,,1,,"LEXINGTON AV,LEXINGTON AVE",223,,,Lexington Av/63 St,223,
N601A,R319,LEXINGTON AV/63,F,IND,Open,,0,,,223,,,Lexington Av/63 St,223,
N602,R259,ROOSEVELT ISLND,F,IND,Open,,1,,ROOSEVELT IS,222,,,Roosevelt Island,222,
N603,R303,21 ST-QNSBRIDGE,F,IND,Open,,1,,21 ST,221,,,21 St-Queensbridge,221,
N604,R342,JAMAICA VAN WK,E,IND,Open,,1,,JAMAICA-VAN WYC,280,,,Jamaica-Van Wyck,280,
N605,R024,SUTPHIN-ARCHER,EJZ,IND,Open,,1,,SUTPHIN BLVD,279,,,Sutphin Blvd-Archer Av-JFK Airport,279,
N606,R025,JAMAICA CENTER,EJZ,IND,Open,,1,,,278,,,Jamaica Center-Parsons/Archer,278,
N607,R025,JAMAICA CENTER,EJZ,IND,Open,,0,,,278,,,Jamaica Center-Parsons/Archer,278,
N700,R570,72 ST-2 AVE,Q,IND,Open,,1,,,477,,,72 St,477,
N700A,R570,72 ST-2 AVE,Q,IND,Open,,0,,,477,,,72 St,477,
N701,R571,86 ST-2 AVE,Q,IND,Open,,1,,,476,,,86 St,476,
N701A,R571,86 ST-2 AVE,Q,IND,Open,,0,,,476,,,86 St,476,
N702,R572,96 ST-2 AVE,Q,IND,Open,,1,,,475,,,96 St,475,
N702A,R572,96 ST-2 AVE,Q,IND,Open,,0,,,475,,,96 St,475,
R101,R001,SOUTH FERRY,1RW,IRT,Open,,1,,,330,,,South Ferry,635,South Ferry / Whitehall
R101S,R001,SOUTH FERRY,RW1,IRT,Closed,,0,,,330,,,South Ferry,635,South Ferry / Whitehall
R102,R304,RECTOR ST,1,IRT,Open,,1,,,329,,,Rector St,329,
R103,R304,RECTOR ST,1,IRT,Open,,0,,,329,,,Rector St,329,
R106,R305,WTC-CORTLANDT,1,IRT,Closed,,0,,CORTLANDT ST,328,,,WTC Cortlandt,328,
R107,R305,WTC-CORTLANDT,1,IRT,Open,,1,,CORTLANDT ST,328,,,WTC Cortlandt,328,
R107D,R305,WTC-CORTLANDT,1,IRT,Open,,0,,CORTLANDT ST,328,,,WTC Cortlandt,328,
R108,R305,WTC-CORTLANDT,1,IRT,Open,,0,,CORTLANDT ST,328,,,WTC Cortlandt,328,
R108A,R305,WTC-CORTLANDT,1,IRT,Open,,0,,CORTLANDT ST,328,,,WTC Cortlandt,328,
R109,R305,WTC-CORTLANDT,1,IRT,Open,,0,,CORTLANDT ST,328,,,WTC Cortlandt,328,
R110,R027,WALL ST,23,IRT,Open,,0,,,333,,,Wall St,333,
R111,R027,WALL ST,23,IRT,Open,,1,,,333,,,Wall St,333,
R112,R027,WALL ST,23,IRT,Open,,0,,,333,,,Wall St,333,
R112A,R027,WALL ST,23,IRT,Open,,1,,,333,,,Wall St,333,
R113,R028,FULTON ST,2345ACJZ,IRT,Open,,0,,FULTON STREET,332,,,Fulton St,628,Fulton St
R113A,R028,FULTON ST,2345ACJZ,IRT,Open,N098,0,,FULTON STREET,332,,,Fulton St,628,Fulton St
R114,R028,FULTON ST,2345ACJZ,IRT,Open,,0,,FULTON STREET,332,,,Fulton St,628,Fulton St
R115,R029,PARK PLACE,23ACE,IRT,Open,,,,,331,,,Park Place,624,Chambers St / WTC / Park Place / Cortlandt St
R116,R030,CHAMBERS ST,123,IRT,Open,,1,,,327,,,Chambers St,327,
R117,R343,FRANKLIN ST,1,IRT,Open,,1,,,326,,,Franklin St,326,
R118,R343,FRANKLIN ST,1,IRT,Open,,0,,,326,,,Franklin St,326,
R119,R320,CANAL ST,1,IRT,Open,,1,,,325,,,Canal St,325,
R120,R320,CANAL ST,1,IRT,Open,,0,,,325,,,Canal St,325,
R121,R290,HOUSTON ST,1,IRT,Open,,0,,,324,,,Houston St,324,
R122,R290,HOUSTON ST,1,IRT,Open,,0,,,324,,,Houston St,324,
R123,R290,HOUSTON ST,1,IRT,Open,,1,,,324,,,Houston St,324,
R124,R290,HOUSTON ST,1,IRT,Open,,0,,,324,,,Houston St,324,
R125,R189,CHRISTOPHER ST,1,IRT,Open,,1,,,323,,,Christopher St-Sheridan Sq,323,
R126,R189,CHRISTOPHER ST,1,IRT,Open,,0,,,323,,,Christopher St-Sheridan Sq,323,
R127,R105,14 ST,123FLM,IRT,Open,,1,,,322,,,14 St,601,14 St / 6 Av
R128,R105,14 ST,123FLM,IRT,Open,,0,,,322,,,14 St,601,14 St / 6 Av
R129,R321,18 ST,1,IRT,Open,,1,,,321,,,18 St,321,
R130,R321,18 ST,1,IRT,Open,,0,,,321,,,18 St,321,
R131,R190,23 ST,1,IRT,Open,,1,,,320,,,23 St,320,
R132,R190,23 ST,1,IRT,Open,,0,,,320,,,23 St,320,
R133,R272,28 ST,1,IRT,Open,,1,,,319,,,28 St,319,
R134,R272,28 ST,1,IRT,Open,,0,,,319,,,28 St,319,
R135,R031,34 ST-PENN STA,123,IRT,Open,,1,,,318,,,34 St-Penn Station,318,
R137,R031,34 ST-PENN STA,123,IRT,Closed,,,,,318,,,34 St-Penn Station,318,
R138,R293,34 ST-PENN STA,123ACE,IRT,Open,,1,,,318,,,34 St-Penn Station,318,
R139,R031,34 ST-PENN STA,123,IRT,Open,,0,,,318,,,34 St-Penn Station,318,
R140,R293,34 ST-PENN STA,123ACE,IRT,Closed,R138,0,,,318,,,34 St-Penn Station,318,
R141,R031,34 ST-PENN STA,123,IRT,Open,,1,,,318,,,34 St-Penn Station,318,
R142,R293,34 ST-PENN STA,123ACE,IRT,Open,,,,,318,,,34 St-Penn Station,318,
R143,R032,TIMES SQ-42 ST,1237ACENQRSW,IRT,Open,,0,,42 ST-TIMES SQ,317,,,Times Sq-42 St,611,Times Sq - 42 St / Port Authority Bus Terminal
R144,R032,TIMES SQ-42 ST,1237ACENQRSW,IRT,Open,R145,0,,,11,317,467,Times Sq-42 St,611,Times Sq - 42 St / Port Authority Bus Terminal
R145,R032,TIMES SQ-42 ST,1237ACENQRSW,IRT,Open,,1,,42 ST-TIMES SQ,317,11,467,Times Sq-42 St,611,Times Sq - 42 St / Port Authority Bus Terminal
R146,R032,TIMES SQ-42 ST,1237ACENQRS,IRT,Open,R145,0,,42 ST-TIMES SQ,317,11,467,Times Sq-42 St,611,Times Sq - 42 St / Port Authority Bus Terminal
R147,R033,TIMES SQ-42 ST,1237ACENQRS,IRT,Open,,1,,42 ST-TIMES SQ,317,468,11,Times Sq-42 St,611,Times Sq - 42 St / Port Authority Bus Terminal
R148,R033,TIMES SQ-42 ST,1237ACENQRSW,IRT,Open,,0,,42 ST-TIMES SQ,468,11,317,Times Sq-42 St,611,Times Sq - 42 St / Port Authority Bus Terminal
R150,R033,42 ST-TIMES SQ,1237ACENQRS,IRT,Closed,,0,,,317,468,11,Times Sq-42 St,611,Times Sq - 42 St / Port Authority Bus Terminal
R151,R033,TIMES SQ-42 ST,1237ACENQRSW,IRT,Open,,1,,42 ST-TIMES SQ,317,468,11,Times Sq-42 St,611,Times Sq - 42 St / Port Authority Bus Terminal
R153,R033,TIMES SQ-42 ST,1237ACENQRSW,IRT,Open,,0,,42 ST-TIMES SQ,468,11,317,Times Sq-42 St,611,Times Sq - 42 St / Port Authority Bus Terminal
R154,R116,50 ST,1,IRT,Open,,0,,,316,,,50 St,316,
R155,R116,50 ST,1,IRT,Open,,1,,,316,,,50 St,316,
R158,R084,59 ST COLUMBUS,1ABCD,IRT,Open,,1,,59 ST-COLUMBUS,315,,,59 St-Columbus Circle,614,59 St - Columbus Circle
R159,R164,66 ST-LINCOLN,1,IRT,Open,,0,,66 ST/LINCOLN,314,,,66 St-Lincoln Center,314,
R160,R164,66 ST-LINCOLN,1,IRT,Open,,1,,66 ST/LINCOLN,314,,,66 St-Lincoln Center,314,
R160A,R164,66 ST-LINCOLN,1,IRT,Open,,0,,66 ST/LINCOLN,314,,,66 St-Lincoln Center,314,
R161,R452,72 ST,123,IRT,Open,R161A,0,,,313,,,72 St,313,
R161A,R452,72 ST,123,IRT,Open,,0,,,313,,,72 St,313,
R161B,R452,72 ST,123,IRT,Open,,1,,72ND STREET,313,,,72 St,313,
R162,R166,79 ST,1,IRT,Open,,1,,,312,,,79 St,312,
R163,R166,79 ST,1,IRT,Open,,0,,,312,,,79 St,312,
R164,R167,86 ST,1,IRT,Open,,1,,86 STREET,311,,,86 St,311,
R165,R167,86 ST,1,IRT,Open,,0,,86 STREET,311,,,86 St,311,
R166,R167,86 ST,1,IRT,Open,,1,,86 STREET,311,,,86 St,311,
R168,R168,96 ST,123,IRT,Closed,,1,,,310,,,96 St,310,
R168A,R168,96 ST,123,IRT,Open,,,,,310,,,96 St,310,
R169,R168,96 ST,123,IRT,Open,,,,,310,,,96 St,310,
R170,R191,103 ST,1,IRT,Open,,1,,,309,,,103 St,309,
R171,R192,CATHEDRAL PKWY,1,IRT,Open,,0,,110 ST-CATHEDRL,308,,,Cathedral Pkwy (110 St),308,
R172,R192,CATHEDRAL PKWY,1,IRT,Open,,1,,110 ST-CATHEDRL,308,,,Cathedral Pkwy (110 St),308,
R173,R159,116 ST-COLUMBIA,1,IRT,Open,,1,,,307,,,116 St-Columbia University,307,
R174,R034,125 ST,1,IRT,Open,,1,,,306,,,125 St,306,
R175,R169,137 ST CITY COL,1,IRT,Open,,0,,137 ST-CITY COL,305,,,137 St-City College,305,
R176,R169,137 ST CITY COL,1,IRT,Open,,1,,137 ST-CITY COL,305,,,137 St-City College,305,
R177,R273,145 ST,1,IRT,Open,,0,,,304,,,145 St,304,
R178,R273,145 ST,1,IRT,Open,,1,,,304,,,145 St,304,
R179,R193,157 ST,1,IRT,Open,,0,,,303,,,157 St,303,
R180,R193,157 ST,1,IRT,Open,,1,,,303,,,157 St,303,
R182,R035,168 ST,1AC,IRT,Open,,0,,168 ST-BROADWAY,302,,,168 St-Washington Hts,605,168 St - Washington Hts
R183,R260,181 ST,1,IRT,Open,,1,,,301,,,181 St,301,
R185,R274,191 ST,1,IRT,Open,,1,,,300,,,191 St,300,
R186,R036,DYCKMAN ST,1,IRT,Open,,1,,,299,,,Dyckman St,299,
R188,R037,207 ST,1,IRT,Open,,1,,207 STREET,298,,,207 St,298,
R190,R038,215 ST,1,IRT,Open,,1,,215 STREET,297,,,215 St,297,
R192,R039,MARBLE HILL-225,1,IRT,Open,,1,,225 STREET,296,,,Marble Hill-225 St,296,
R194,R040,231 ST,1,IRT,Open,,1,,231 STREET,295,,,231 St,295,
R196,R306,238 ST,1,IRT,Open,,1,,,294,,,238 St,294,
R197,R117,V.CORTLANDT PK,1,IRT,Open,,1,,242 ST,293,,,Van Cortlandt Park-242 St,293,
R200A,R041,BOWLING GREEN,45,IRT,Open,,1,,,414,,,Bowling Green,414,
R201,R041,BOWLING GREEN,45,IRT,Open,,0,,,414,,,Bowling Green,414,
R202,R042,BOWLING GREEN,45,IRT,Open,,0,,,414,,,Bowling Green,414,
R203,R043,WALL ST,45,IRT,Open,,1,,,413,,,Wall St,413,
R203A,R043,WALL ST,45,IRT,Open,,0,,,413,,,Wall St,413,
R204,R043,WALL ST,45,IRT,Open,,1,,,413,,,Wall St,413,
R204A,R043,WALL ST,45,IRT,Open,,0,,,413,,,Wall St,413,
R205,R014,FULTON ST,ACJZ2345,IRT,Closed,,0,,FULTON STREET,412,,,Fulton St,628,Fulton St
R205A,R014,FULTON ST,2345ACJZ,IRT,Open,,0,,FULTON STREET,412,,,Fulton St,628,Fulton St
R206,R014,FULTON ST,2345ACJZ,IRT,Open,,0,,,412,,,Fulton St,628,Fulton St
R208,R014,FULTON ST,2345ACJZ,IRT,Open,,0,,FULTON STREET,412,,,Fulton St,628,Fulton St
R210,R044,BROOKLYN BRIDGE,456JZ,IRT,Open,,1,,,411,,,Brooklyn Bridge-City Hall,622,Brooklyn Bridge-City Hall / Chambers St
R210A,R044,BROOKLYN BRIDGE,456JZ,IRT,Open,,0,,,411,,,Brooklyn Bridge-City Hall,622,Brooklyn Bridge-City Hall / Chambers St
R214,R463,CANAL ST,JNQRZ6,IRT,Open,A046,0,,,410,,,Canal St,623,Canal St
R215,R322,SPRING ST,6,IRT,Open,,1,,,409,,,Spring St,409,
R216,R322,SPRING ST,6,IRT,Open,,0,,,409,,,Spring St,409,
R217,R194,BLEEKER ST,6,IRT,Open,R217A,0,,,408,,,Bleecker St,619,Broadway-Lafayette St / Bleecker St
R217A,R194,BLEECKER ST,6DF,IRT,Open,,,,,408,,,Bleecker St,619,Broadway-Lafayette St / Bleecker St
R218,R461,BLEECKER ST,6BDFM,IRT,Open,N519A,0,,,408,,,Bleecker St,619,Broadway-Lafayette St / Bleecker St
R219,R160,ASTOR PL,6,IRT,Open,,1,,ASTOR PLACE,407,,,Astor Pl,407,
R220,R160,ASTOR PL,6,IRT,Open,,0,,ASTOR PLACE,407,,,Astor Pl,407,
R221,R170,14 ST-UNION SQ,456LNQRW,IRT,Open,,1,,,406,,,14 St-Union Sq,602,14 St - Union Sq
R226,R131,23 ST,6,IRT,Open,,,,,405,,,23 St,405,
R226A,R131,23 ST,6,IRT,Open,,,,,405,,,23 St,405,
R227,R131,23 ST,6,IRT,Open,,,,,405,,,23 St,405,
R227A,R131,23 ST,6,IRT,Open,,,,,405,,,23 St,405,
R228,R143,28 ST,6,IRT,Open,,0,,,404,,,28 St,404,
R229,R143,28 ST,6,IRT,Open,,1,,,404,,,28 St,404,
R230,R143,28 ST,6,IRT,Open,,0,,,404,,,28 St,404,
R231,R176,33 ST,6,IRT,Open,,0,,,403,,,33 St,403,
R231A,R176,33 ST,6,IRT,Open,,0,,,403,,,33 St,403,
R232,R176,33 ST,6,IRT,Open,,1,,,403,,,33 St,403,
R232A,R176,33 ST,6,IRT,Open,,0,,,403,,,33 St,403,
R233,R045,GRD CNTRL-42 ST,4567S,IRT,Open,R236,0,,,469,,,Grand Central-42 St,610,Grand Central - 42 St
R234,R045,GRD CNTRL-42 ST,4567S,IRT,Closed,,0,,,469,,,Grand Central-42 St,610,Grand Central - 42 St
R235,R045,GRD CNTRL-42 ST,4567S,IRT,Open,,0,,,469,,,Grand Central-42 St,610,Grand Central - 42 St
R236,R045,GRD CNTRL-42 ST,4567S,IRT,Open,,0,,42 ST-GRD CNTRL,469,,,Grand Central-42 St,610,Grand Central - 42 St
R237,R046,GRD CNTRL-42 ST,4567S,IRT,Open,,0,,42 ST-GRD CNTRL,402,465,,Grand Central-42 St,610,Grand Central - 42 St
R237A,R047,GRD CNTRL-42 ST,4567S,IRT,Exit-only,R238,0,,,402,465,,Grand Central-42 St,610,Grand Central - 42 St
R237B,R047,GRD CNTRL-42 ST,4567S,IRT,Open,,0,,42 ST-GRD CNTRL,402,465,,Grand Central-42 St,610,Grand Central - 42 St
R238,R046,GRD CNTRL-42 ST,4567S,IRT,Open,,1,,42 ST-GRD CNTRL,402,465,,Grand Central-42 St,610,Grand Central - 42 St
R238A,R046,GRD CNTRL-42 ST,4567S,IRT,Open,,0,,42 ST-GRD CNTRL,402,465,,Grand Central-42 St,610,Grand Central - 42 St
R240,R047,GRD CNTRL-42 ST,4567S,IRT,Open,,1,,42 ST-GRD CNTRL,402,465,,Grand Central-42 St,610,Grand Central - 42 St
R240A,R047,GRD CNTRL-42 ST,4567S,IRT,Open,R240,0,,,402,,,Grand Central-42 St,610,Grand Central - 42 St
R241A,R048,GRD CNTRL-42 ST,4567S,IRT,Open,,0,,42 ST-GRD CNTRL,465,,,Grand Central-42 St,610,Grand Central - 42 St
R242,R049,51 ST,6,IRT,Open,,1,,51 STREET,401,,,51 St,612,51 St - Lexington Av / 53 St
R242A,R049,51 ST,6,IRT,Open,,0,,51 STREET,401,,,51 St,612,51 St - Lexington Av / 53 St
R243,R049,51 ST,6,IRT,Open,,0,,51 STREET,401,,,51 St,612,51 St - Lexington Av / 53 St
R244,R050,59 ST,456NQRW,IRT,Open,,1,,59 STREET,400,,,59 St,613,Lexington Av / 59 St
R244A,R050,59 ST,456NQRW,IRT,Open,,0,,59 STREET,400,,,59 St,613,Lexington Av / 59 St
R245,R051,59 ST,456NQRW,IRT,Open,,0,,59 STREET,400,,,59 St,613,Lexington Av / 59 St
R245A,R051,59 ST,456NQRW,IRT,Open,,0,,59 STREET,400,,,59 St,613,Lexington Av / 59 St
R246,R177,68ST-HUNTER CO,6,IRT,Open,,1,,68ST-HUNTER COL,399,,,68 St-Hunter College,399,
R247,R178,77 ST,6,IRT,Open,,0,,,398,,,77 St,398,
R248,R178,77 ST,6,IRT,Open,,1,,,398,,,77 St,398,
R249,R179,86 ST,456,IRT,Open,,0,,,397,,,86 St,397,
R250,R179,86 ST,456,IRT,Open,,1,,,397,,,86 St,397,
R251,R144,96 ST,6,IRT,Open,,1,,,396,,,96 St,396,
R252,R180,103 ST,6,IRT,Open,,1,,,395,,,103 St,395,
R253,R181,110 ST,6,IRT,Open,,0,,,394,,,110 St,394,
R254,R181,110 ST,6,IRT,Open,,1,,,394,,,110 St,394,
R256,R182,116 ST,6,IRT,Open,,1,,,393,,,116 St,393,
R257,R182,116 ST,6,IRT,Open,,0,,,393,,,116 St,393,
R258,R132,125 ST,456,IRT,Open,,1,,,392,,,125 St,392,
R259,R307,138/GRAND CONC,45,IRT,Open,,1,,"138 ST,138 ST-GR CONC",391,,,138 St-Grand Concourse,391,
R260,R205,149/GRAND CONC,245,IRT,Open,,,,"149 ST-GR CONC*,149 ST-GR CONC",390,435,,149 St-Grand Concourse,603,149 St - Grand Concourse
R261,R205,149/GRAND CONC,245,IRT,Open,,,,149 ST-GR CONC,390,435,,149 St-Grand Concourse,603,149 St - Grand Concourse
R262,R195,161/YANKEE STAD,4BD,IRT,Open,,0,,161 ST-YANKEE,389,,,161 St-Yankee Stadium,604,161 St - Yankee Stadium
R262A,R195,161/YANKEE STAD,4BD,IRT,Open,,1,,161 ST-YANKEE,389,,,161 St-Yankee Stadium,604,161 St - Yankee Stadium
R262B,R195,161/YANKEE STAD,4BD,IRT,Open,,1,,161 ST-YANKEE,389,,,161 St-Yankee Stadium,604,161 St - Yankee Stadium
R283,R221,167 ST,4,IRT,Open,,1,,,388,,,167 St,388,
R284,R243,170 ST,4,IRT,Open,,1,,,387,,,170 St,387,
R285,R308,MT EDEN AV,4,IRT,Open,,1,,MT EDEN AVE,386,,,Mt Eden Av,386,
R286,R309,176 ST,4,IRT,Open,,1,,,385,,,176 St,385,
R287,R244,BURNSIDE AV,4,IRT,Open,,1,,BURNSIDE AVE,384,,,Burnside Av,384,
R288,R275,183 ST,4,IRT,Open,,1,,,383,,,183 St,383,
R289,R119,FORDHAM RD,4,IRT,Open,,1,,FORDHAM ROAD,382,,,Fordham Rd,382,
R290,R161,KINGSBRIDGE RD,4,IRT,Open,,1,,,381,,,Kingsbridge Rd,381,
R291,R183,BEDFORD PK BLVD,4,IRT,Open,,1,,BEDFORD PARK BL,380,,,Bedford Park Blvd-Lehman College,380,
R293,R133,MOSHOLU PKWY,4,IRT,Open,,1,,"MOSHOLU PKY,MOSHOLU PARKWAY",379,,,Mosholu Pkwy,379,
R294,R052,WOODLAWN,4,IRT,Open,,1,,WOODLAWN ROAD,378,,,Woodlawn,378,
R301,R323,CENTRAL PK N110,23,IRT,Open,,1,,"110 ST,110 ST-CPN",441,,,Central Park North (110 St),441,
R302,R324,116 ST,23,IRT,Open,,1,,,440,,,116 St,440,
R303,R324,116 ST,23,IRT,Open,,0,,,440,,,116 St,440,
R304,R206,125 ST,23,IRT,Open,,1,,,439,,,125 St,439,
R305,R206,125 ST,23,IRT,Open,,0,,,439,,,125 St,439,
R306,R207,135 ST,23,IRT,Open,,1,,,438,,,135 St,438,
R307,R207,135 ST,23,IRT,Open,,0,,,438,,,135 St,438,
R308,R344,145 ST,3,IRT,Open,,1,,,437,,,145 St,437,
R309,R345,HARLEM 148 ST,3,IRT,Open,,1,,148 ST-LENOX,436,,,Harlem-148 St,436,
R310,R053,3 AV-149 ST,25,IRT,Open,,1,,"149 ST - 3 AVE,149 ST-3 AVE",434,,,3 Av-149 St,434,
R311,R053,3 AV-149 ST,25,IRT,Open,,0,,"149 ST - 3 AVE,149 ST-3 AVE",434,,,3 Av-149 St,434,
R312,R405,JACKSON AV,25,IRT,Open,,1,,JACKSON AVE,433,,,Jackson Av,433,
R314,R406,PROSPECT AV,25,IRT,Open,,1,,PROSPECT AVE,432,,,Prospect Av,432,
R315,R406,PROSPECT AV,25,IRT,Open,,0,,PROSPECT AVE,432,,,Prospect Av,432,
R316,R407,INTERVALE AV,25,IRT,Open,,1,,INTERVALE-163,431,,,Intervale Av,431,
R317,R408,SIMPSON ST,25,IRT,Open,,0,,,430,,,Simpson St,430,
R318,R408,SIMPSON ST,25,IRT,Open,,1,,,430,,,Simpson St,430,
R319,R409,FREEMAN ST,25,IRT,Open,,0,,,429,,,Freeman St,429,
R320,R409,FREEMAN ST,25,IRT,Open,,1,,,429,,,Freeman St,429,
R321,R386,174 ST,25,IRT,Open,,0,,,428,,,174 St,428,
R322,R386,174 ST,25,IRT,Open,,1,,,428,,,174 St,428,
R323,R387,WEST FARMS SQ,25,IRT,Open,,1,,"E TREMONT AV,E TREMONT AVE",427,,,West Farms Sq-E Tremont Av,427,
R323A,R387,E TREMONT AVE,25,IRT,Open,R323,0,,,427,,,West Farms Sq-E Tremont Av,427,
R325,R388,E 180 ST,25,IRT,Open,,1,,,426,,,E 180 St,426,
R326,R389,BRONX PARK EAST,25,IRT,Open,,1,,,425,,,Bronx Park East,425,
R327,R361,PELHAM PKWY,25,IRT,Open,,1,,"PELHAM PKY,PELHAM PARKWAY",424,,,Pelham Pkwy,424,
R328,R361,PELHAM PKWY,25,IRT,Open,,0,,"PELHAM PKY,PELHAM PARKWAY",424,,,Pelham Pkwy,424,
R329,R362,ALLERTON AV,25,IRT,Open,,1,,ALLERTON AVE,423,,,Allerton Av,423,
R330,R363,BURKE AV,25,IRT,Open,,1,,BURKE AVE,422,,,Burke Av,422,
R331,R364,GUN HILL RD,25,IRT,Open,,1,,GUN HILL ROAD,421,,,Gun Hill Rd,421,
R332,R365,219 ST,25,IRT,Open,,1,,,420,,,219 St,420,
R333,R366,225 ST,25,IRT,Open,,1,,,419,,,225 St,419,
R334,R367,233 ST,25,IRT,Open,,1,,,418,,,233 St,418,
R335,R444,NEREID AV,25,IRT,Open,,1,,"238 ST,NEREID AVE",417,,,Nereid Av,417,
R336,R145,WAKEFIELD/241,2,IRT,Open,,1,,"241 ST,WAKEFIELD-241",416,,,Wakefield-241 St,416,
R400,R445,3 AV 138 ST,6,IRT,Open,R401,0,,,377,,,3 Av-138 St,377,
R401,R445,3 AV 138 ST,6,IRT,Open,,1,,"138 ST-3 AV,138 ST-3 AVE",377,,,3 Av-138 St,377,
R402,R446,BROOK AV,6,IRT,Open,,1,,BROOK AVE,376,,,Brook Av,376,
R403,R446,BROOK AV,6,IRT,Open,,0,,BROOK AVE,376,,,Brook Av,376,
R404,R447,CYPRESS AV,6,IRT,Open,,1,,CYPRESS AVE,375,,,Cypress Av,375,
R405,R447,CYPRESS AV,6,IRT,Open,,0,,CYPRESS AVE,375,,,Cypress Av,375,
R406,R448,E 143/ST MARY'S,6,IRT,Open,,1,,E 143 ST,374,,,E 143 St-St Mary's St,374,
R407,R448,E 143/ST MARY'S,6,IRT,Open,,0,,E 143 ST,374,,,E 143 St-St Mary's St,374,
R408,R449,E 149 ST,6,IRT,Open,,1,,,373,,,E 149 St,373,
R409,R449,E 149 ST,6,IRT,Open,,0,,,373,,,E 149 St,373,
R410,R450,LONGWOOD AV,6,IRT,Open,,1,,LONGWOOD AVE,372,,,Longwood Av,372,
R411,R450,LONGWOOD AV,6,IRT,Open,,0,,LONGWOOD AVE,372,,,Longwood Av,372,
R412,R146,HUNTS POINT AV,6,IRT,Open,,1,,HUNTS POINT AVE,371,,,Hunts Point Av,371,
R413,R325,WHITLOCK AV,6,IRT,Open,,1,,WHITLOCK AVE,370,,,Whitlock Av,370,
R414,R162,ELDER AV,6,IRT,Open,,1,,ELDER AVE,369,,,Elder Av,369,
R415,R120,MORISN AV/SNDVW,6,IRT,Open,,1,,MORRISON AVE,368,,,Morrison Av-Soundview,368,
R416,R245,ST LAWRENCE AV,6,IRT,Open,,1,,ST LAWRENCE AVE,367,,,St Lawrence Av,367,
R417,R222,PARKCHESTER,6,IRT,Open,,1,,E 177 ST-PARKCH,366,,,Parkchester,366,
R418,R106,CASTLE HILL AV,6,IRT,Open,,1,,CASTLE HILL AVE,365,,,Castle Hill Av,365,
R419,R326,ZEREGA AV,6,IRT,Open,,1,,ZEREGA AVE,364,,,Zerega Av,364,
R420,R107,WESTCHESTER SQ,6,IRT,Open,,1,,,363,,,Westchester Sq-E Tremont Av,363,
R421,R427,MIDDLETOWN RD,6,IRT,Open,,1,,MIDDLETOWN ROAD,362,,,Middletown Rd,362,
R422,R428,BUHRE AV,6,IRT,Open,,1,,BUHRE AVE,361,,,Buhre Av,361,
R423,R429,PELHAM BAY PARK,6,IRT,Open,,1,,,360,,,Pelham Bay Park,360,
R500,R054,5 AVE-BRYANT PK,7BDFM,IRT,Open,R501,0,,,466,,,5 Av,609,42 St - Bryant Pk / 5 Av
R501,R054,5 AVE,7BDFM,IRT,Open,,1,,"FIFTH AVE,5 AVE-BRYANT PK",466,,,5 Av,609,42 St - Bryant Pk / 5 Av
R503,R276,VERNON-JACKSON,7,IRT,Open,,0,,VERNON/JACKSON,464,,,Vernon Blvd-Jackson Av,464,
R504,R276,VERNON-JACKSON,7,IRT,Open,,1,,VERNON/JACKSON,464,,,Vernon Blvd-Jackson Av,464,
R505,R276,VERNON-JACKSON,7,IRT,Exit-only,R503,0,,,464,,,Vernon Blvd-Jackson Av,464,
R506,R276,VERNON-JACKSON,7,IRT,Open,,0,,VERNON/JACKSON,464,,,Vernon Blvd-Jackson Av,464,
R507,R134,HUNTERS PT AV,7,IRT,Open,,1,,HUNTERS PT AVE,463,,,Hunters Point Av,463,
R508,R346,COURT SQ,7,IRT,Open,,1,,45 RD-COURT H S,462,281,,Court Sq,606,Court Sq - 23 St
R509,R121,QUEENSBORO PLZ,7NQW,IRT,Open,,1,,,461,,,Queensboro Plaza,461,
R510,R090,39 AV,NQW,BMT,Open,,1,,"BEEBE-39 AV,BEEBE-39 AVE",6,,,39 Av-Dutch Kills,6,
R511,R091,36 AV,NQW,BMT,Open,,1,,WASHINGTON-36 A,5,,,36 Av,5,
R512,R092,BROADWAY,NQW,BMT,Open,,1,,BROADWAY-31 ST,4,,,Broadway,4,
R513,R093,30 AV,NQW,BMT,Open,,1,,"GRAND-30 AV,GRAND-30 AVE",3,,,30 Av,3,
R514,R094,ASTORIA BLVD,NQW,BMT,Open,,1,,HOYT ST-ASTORIA,2,,,Astoria Blvd,2,
R515,R095,ASTORIA DITMARS,NQW,BMT,Open,,1,,DITMARS BL-31 S,1,,,Astoria-Ditmars Blvd,1,
R516,R291,33 ST-RAWSON ST,7,IRT,Open,,1,,33 ST/RAWSON ST,460,,,33 St-Rawson St,460,
R517,R291,33 ST-RAWSON ST,7,IRT,Open,,0,,33 ST/RAWSON ST,460,,,33 St-Rawson St,460,
R518,R261,40 ST LOWERY ST,7,IRT,Open,,1,,40 ST-LOWERY ST,459,,,40 St-Lowery St,459,
R519,R223,46 ST BLISS ST,7,IRT,Open,,1,,46 ST-BLISS ST,458,,,46 St-Bliss St,458,
R520,R223,46 ST BLISS ST,7,IRT,Open,,0,,46 ST-BLISS ST,458,,,46 St-Bliss St,458,
R521,R327,52 ST,7,IRT,Open,,1,,52 ST-LINCOLN,457,,,52 St,457,
R522,R327,52 ST,7,IRT,Open,R521,0,,,457,,,52 St,457,
R523,R147,61 ST WOODSIDE,7,IRT,Open,,1,,61 ST/WOODSIDE,456,,,Woodside-61 St,456,
R524,R347,69 ST,7,IRT,Open,,1,,"69 ST-FISK AV,69 ST-FISK AVE",455,,,69 St,455,
R525,R018,74 ST-BROADWAY,7EFMR,IRT,Open,,0,,,454,,,74 St-Broadway,616,Jackson Hts-Roosevelt Av / 74 St
R526,R096,82 ST-JACKSON H,7,IRT,Open,,1,,,453,,,82 St-Jackson Hts,453,
R527,R122,90 ST-ELMHURST,7,IRT,Open,,1,,,452,,,90 St-Elmhurst Av,452,
R528,R097,JUNCTION BLVD,7,IRT,Open,,1,,,451,,,Junction Blvd,451,
R529,R208,103 ST-CORONA,7,IRT,Open,,1,,,450,,,103 St-Corona Plaza,450,
R530,R310,111 ST,7,IRT,Open,,1,,,449,,,111 St,449,
R531,R310,111 ST,7,IRT,Closed,,0,,,449,,,111 St,449,
R532,R328,METS-WILLETS PT,7,IRT,Open,,,,WILLETS PT-SHEA,448,,,Mets-Willets Point,448,
R532G,R328,METS-WILLETS PT,7,IRT,Closed,,0,,,448,,,Mets-Willets Point,448,
R532H,R328,METS-WILLETS PT,7,IRT,Open,,,,WILLETS PT-SHEA,448,,,Mets-Willets Point,448,
R533,R055,FLUSHING-MAIN,7,IRT,Open,,1,,MAIN ST,447,,,Flushing-Main St,447,
R534,R055,FLUSHING-MAIN,7,IRT,Open,,1,,MAIN ST,447,,,Flushing-Main St,447,
R550,R072,34 ST-HUDSON YD,7,IRT,Open,,1,,,471,,,34 St-Hudson Yards,471,
R551,R072,34 ST-HUDSON YD,7,IRT,Open,,0,,,471,,,34 St-Hudson Yards,471,
R600,R224,CLARK ST,23,IRT,Open,,1,,,334,,,Clark St,334,
R601A,R108,BOROUGH HALL,2345R,IRT,Open,,1,,BOROUGH HALL/CT,335,24,,Borough Hall,620,Borough Hall / Court St
R602,R108,BOROUGH HALL,2345R,IRT,Open,,1,,BOROUGH HALL/CT,415,,,Borough Hall,620,Borough Hall / Court St
R604,R108,BOROUGH HALL,2345R,IRT,Open,,,,BOROUGH HALL/CT,415,,,Borough Hall,620,Borough Hall / Court St
R605,R456,HOYT ST,23,IRT,Open,,0,,,336,,,Hoyt St,336,
R606,R225,HOYT ST,23,IRT,Open,,1,,,336,,,Hoyt St,336,
R607,R225,HOYT ST,23,IRT,Closed,,0,,,336,,,Hoyt St,336,
R608,R056,NEVINS ST,2345,IRT,Open,,0,,,337,,,Nevins St,337,
R609,R056,NEVINS ST,2345,IRT,Open,,1,,,337,,,Nevins St,337,
R610,R057,ATL AV-BARCLAY,2345BDNQR,IRT,Open,,1,,"ATLANTIC AVE,BARCLAYS CENTER",338,40,,Atlantic Av-Barclays Ctr,617,Atlantic Av-Barclays Ctr
R612,R057,ATL AV-BARCLAY,BDNQR2345,IRT,Open,,1,,BARCLAYS CENTER,338,40,,Atlantic Av-Barclays Ctr,617,Atlantic Av-Barclays Ctr
R617,R058,BERGEN ST,23,IRT,Open,,1,,,339,,,Bergen St,339,
R618,R058,BERGEN ST,23,IRT,Open,,0,,,339,,,Bergen St,339,
R619,R059,GRAND ARMY PLAZ,23,IRT,Open,,1,,,340,,,Grand Army Plaza,340,
R620,R060,EASTN PKWY-MUSM,23,IRT,Closed,,0,,,341,,,Eastern Pkwy-Brooklyn Museum,341,
R621,R060,EASTN PKWY-MUSM,23,IRT,Open,,1,,EASTERN PKWY,341,,,Eastern Pkwy-Brooklyn Museum,341,
R622,R123,FRANKLIN AV,2345S,IRT,Open,,1,,FRANKLIN AVE,342,,,Franklin Avenue-Medgar Evers College,626,Franklin Av-Medgar Evers College / Botanic Garden
R623,R061,NOSTRAND AV,3,IRT,Open,,1,,NOSTRAND AVE,343,,,Nostrand Av,343,
R624,R124,KINGSTON AV,3,IRT,Open,,1,,KINGSTON AVE,344,,,Kingston Av,344,
R625,R062,CROWN HTS-UTICA,34,IRT,Open,,0,,UTICA AVE,345,,,Crown Hts-Utica Av,345,
R626,R062,CROWN HTS-UTICA,34,IRT,Open,,1,,UTICA AVE,345,,,Crown Hts-Utica Av,345,
R627,R063,SUTTER AV-RUTLD,3,IRT,Open,,1,,SUTTER AVE,346,,,Sutter Av-Rutland Rd,346,
R628,R064,SARATOGA AV,3,IRT,Open,,1,,SARATOGA AVE,347,,,Saratoga Av,347,
R629,R065,ROCKAWAY AV,3,IRT,Open,,1,,ROCKAWAY AVE,348,,,Rockaway Av,348,
R630,R066,JUNIUS ST,3,IRT,Open,,1,,,349,,,Junius St,349,
R632,R067,PENNSYLVANIA AV,3,IRT,Open,,1,,,350,,,Pennsylvania Av,350,
R633,R068,VAN SICLEN AV,3,IRT,Open,,1,,VAN SICLEN AVE,351,,,Van Siclen Av,351,
R634,R069,NEW LOTS AV,3,IRT,Open,,1,,NEW LOTS AVE,352,,,New Lots Av,352,
R635,R277,PRESIDENT ST,25,IRT,Open,,1,,,353,,,President Street-Medgar Evers College,353,
R636,R209,STERLING ST,25,IRT,Open,,1,,,354,,,Sterling St,354,
R637,R451,WINTHROP ST,25,IRT,Open,,1,,,355,,,Winthrop St,355,
R639,R109,CHURCH AV,25,IRT,Open,,1,,CHURCH AVE,356,,,Church Av,356,
R641,R210,BEVERLY RD,25,IRT,Open,,1,,BEVERLY ROAD,357,,,Beverly Rd,357,
R643,R135,NEWKIRK AV,25,IRT,Open,,1,,NEWKIRK AVE,358,,,Newkirk Av - Little Haiti,358,
R644,R135,NEWKIRK AV,25,IRT,Open,,0,,NEWKIRK AVE,358,,,Newkirk Av - Little Haiti,358,
R645,R110,FLATBUSH AV-B.C,25,IRT,Open,,1,,"FLATBUSH AV,FLATBUSH AVE",359,,,Flatbush Av-Brooklyn College,359,
R646,R110,FLATBUSH AV-B.C,25,IRT,Open,,0,,"FLATBUSH AV,FLATBUSH AVE",359,,,Flatbush Av-Brooklyn College,359,
R647,R110,FLATBUSH AV-B.C,25,IRT,Open,,0,,"FLATBUSH AV,FLATBUSH AVE",359,,,Flatbush Av-Brooklyn College,359,
R726,R329,MORRIS PARK,5,IRT,Open,,1,,,446,,,Morris Park,446,
R727,R430,PELHAM PKWY,5,IRT,Open,,1,,"PELHAM PKY,PELHAM PARKWAY",445,,,Pelham Pkwy,445,
R728,R226,GUN HILL RD,5,IRT,Open,,1,,GUN HILL ROAD,444,,,Gun Hill Rd,444,
R729,R292,BAYCHESTER AV,5,IRT,Open,,1,,BAYCHESTER AVE,443,,,Baychester Av,443,
R730,R431,EASTCHSTER/DYRE,5,IRT,Open,,1,,"DYRE AV,DYRE AVE",442,,,Eastchester-Dyre Av,442,
S101,R070,ST. GEORGE,1,SRT,Open,,1,,,501,,,St George,501,
S101A,R070,ST. GEORGE,1,SRT,Open,,0,,,501,,,St George,501,
S102,R165,TOMPKINSVILLE,1,SRT,Open,,0,,,502,,,Tompkinsville,502,
JFK01,R535,HOWARD BCH JFK,A,IND,Open,,,,JFK HOWARD BCH,700,,,Howard Beach,700,
JFK02,R535,HOWARD BCH JFK,A,IND,Open,,,,JFK HOWARD BCH,700,,,Howard Beach,700,
JFK03,R536,JFK JAMAICA CT1,E,IND,Open,,0,,"JFK JAMAICA CT1,SUTPHIN-ARCHER",701,,,Jamaica,701,
JFK04,R537,JFK JAMAICA CT2,E,IND,Closed,,0,,,701,,,Jamaica,701,
LGA01,R538,LGA AIRPORT CTB,7,IRT,Vending Only,,,,,1000,,,LaGuardia Airport,1000,
LGA02,R538,LGA AIRPORT CTB,7,IRT,Vending Only,,,,,1001,,,LaGuardia Airport,1001,
LI001,R526,LIB-HEMPSTEAD,F,LIB,Vending Only,,,,,1002,,,Hempstead Transit Center,1002,
MCB1,R457,METROCARD BUS 1,23,BMT,Vending Only,,,,,1003,,,MetroCard Bus,1003,
MCB2,R458,METROCARD BUS 2,23,BMT,Vending Only,,,,,1004,,,MetroCard Bus,1004,
MCC07,R076,2 BDWY CUST SRV,45,IRT,Vending Only,,,,,1005,,,MTA Headquarters,1005,
MCV1,R465,METROCARD VAN-1,1,BMT,Vending Only,,,,,1006,,,MetroCard Van,1006,
MCV2,R466,METROCARD VAN-2,1,BMT,Vending Only,,,,,1007,,,MetroCard Van,1007,
MCV3,R467,METROCARD VAN-3,1,BMT,Vending Only,,,,,1008,,,MetroCard Van,1008,
OB01,R459,ORCHARD BEACH,6,IND,Closed,,,,,750,,,Orchard Beach,750,
PTH01,R549,NEWARK HW BMEBE,1,PTH,Open,,0,,,900,,,Newark,900,
PTH02,R544,HARRISON,1,PTH,Open,,0,,,901,,,Harrison,901,
PTH03,R552,JOURNAL SQUARE,1,PTH,Open,,0,,,902,,,Journal Square,902,
PTH04,R551,GROVE STREET,1,PTH,Open,,0,,,903,,,Grove Street,903,
PTH05,R543,EXCHANGE PLACE,1,PTH,Open,,0,,,904,,,Exchange Place,904,
PTH06,R546,PAVONIA/NEWPORT,1,PTH,Open,,0,,,905,,,Pavonia/Newport,905,
PTH07,R550,CITY / BUS,1,PTH,Open,,0,,,906,,,Hoboken,906,
PTH08,R540,PATH WTC,1,PTH,Closed,,0,,,907,,,WTC,907,
PTH09,R548,CHRISTOPHER ST,1,PTH,Open,,0,,,908,,,Christopher Street,908,
PTH10,R547,9TH STREET,1,PTH,Open,,0,,,909,,,9th Street,909,
PTH11,R545,14TH STREET,1,PTH,Open,,0,,,910,,,14th Street,910,
PTH12,R542,TWENTY THIRD ST,1,PTH,Open,,0,,,911,,,23rd Street,911,
PTH13,R541,THIRTY ST,1,PTH,Open,,0,,,912,,,33rd Street,912,
PTH16,R550,LACKAWANNA,1,PTH,Open,,0,,,906,,,Hoboken,906,
PTH17,R541,THIRTY THIRD ST,1,PTH,Open,,0,,,911,,,33rd Street,911,
PTH18,R549,NEWARK BM BW,1,PTH,Open,,0,,,900,,,Newark,900,
PTH19,R549,NEWARK C,1,PTH,Open,,0,,,900,,,Newark,900,
PTH20,R549,NEWARK HM HE,1,PTH,Open,,0,,,900,,,Newark,900,
PTH21,R540,PATH WTC 2,1,PTH,Open,,0,,,907,,,WTC,907,
PTH22,R540,PATH NEW WTC,1,PTH,Open,,0,,,907,,,WTC,907,
TRAM1,R468,RIT-MANHATTAN,R,RIT,Open,,,,,800,,,Manhattan,800,
TRAM2,R469,RIT-ROOSEVELT,R,RIT,Open,,,,,801,,,Roosevelt Island,801,
WCCTR,R532,WEST COUNTY CTR,5,BEE,Vending Only,,,,,1009,,,Westchester County Center,1009,
X001,R410,NYC & CO - 7 AV,1,IRT,Vending Only,,,,,1010,,,NYC & Company Office,1010,
X002,R470,ELTINGVILLE PK,Z,SRT,Vending Only,,,,,1011,,,Eltingville Transit Center,1011,