Station,Lines,Borough,Booth,Current,Proposed,Description,Additional C/As,Notes
25 Street,MR,Brooklyn,C016,F/T,F/T,N/B 25th St,,
25 Street,MR,Brooklyn,C017,F/T,X,S/B 25th St,,
Bergen Street,23,Brooklyn,R617,F/T,F/T,N/B Bergen St,,
Bergen Street,23,Brooklyn,R618,K,X,S/B Bergen St,,
Bergen Street,FG,Brooklyn,N531,K,X,S/B Bergen St,S/B Warren St,
Bergen Street,FG,Brooklyn,N532,F/T,F/T,N/B Bergen St,,
Bergen Street,FG,Brooklyn,N533,X,X,N/B Warren St,,
Brighton Beach,BQ,Brooklyn,B029,F/T,F/T,Mez Brighton 7th St,,
Brighton Beach,BQ,Brooklyn,B031,K,X,Mez Brighton 5th St,,
Carroll Street,FG,Brooklyn,N534,K,X,N/B President St,,
Carroll Street,FG,Brooklyn,N535,F/T,F/T,Mez 2nd St,,
Carroll Street,FG,Brooklyn,N535A,X,X,S/B President St,,
Church Avenue,BQ,Brooklyn,B015,K,X,Mez Caton Avenue,,
Church Avenue,BQ,Brooklyn,B016,F/T,F/T,Mez Church Avenue,,
Clinton - Washington Avenues,C,Brooklyn,N111,F/T,F/T,N/B Clinton Av,N/B Washington Av,
Clinton - Washington Avenues,C,Brooklyn,N112,X,X,S/B Clinton Av,,
Clinton - Washington Avenues,C,Brooklyn,N112A,K,X,S/B Washington Av,,
Coney Island - Stillwell Avenue,DFNQ,Brooklyn,G001,K,X,Mez Surf Av,,
Coney Island - Stillwell Avenue,DFNQ,Brooklyn,G009,F/T,F/T,Mez Mermaid Av,,
Court Street - Borough Hall,2345MR,Brooklyn,C001,K,X,Mez Clinton St,,
Court Street - Borough Hall,2345MR,Brooklyn,R601A,F/T,F/T,Mez Joralemon St,,
Court Street - Borough Hall,2345MR,Brooklyn,R602,F/T,F/T,Mez Adams St,,
Court Street - Borough Hall,2345MR,Brooklyn,R604,K,X,Mez Court St,,
Flatbush Avenue - Brooklyn College,25,Brooklyn,R645,F/T,F/T,N/B Flatbush Av,,
Flatbush Avenue - Brooklyn College,25,Brooklyn,R646,X,X,Mez Avenue H,,
Flatbush Avenue - Brooklyn College,25,Brooklyn,R647,K,X,S/B Flatbush Av,,
Flushing Avenue,G,Brooklyn,N414,F/T,F/T,S/B Flushing Av,,
Flushing Avenue,G,Brooklyn,N414A,K,X,N/B Flushing Av,,
Franklin Avenue,CS,Brooklyn,N113,K,X,N/B Franklin Av,,
Franklin Avenue,CS,Brooklyn,N114,F/T,F/T,S/B Franklin Av,,
Graham Avenue,L,Brooklyn,H013,F/T,F/T,N/B Graham Av,,
Graham Avenue,L,Brooklyn,H014,K,X,S/B Graham Av,,
Grand Street,L,Brooklyn,H015,F/T,F/T,N/B Grand St,,
Grand Street,L,Brooklyn,H016,K,X,S/B Grand St,,
Halsey Street,L,Brooklyn,H028,F/T,F/T,N/B George St,,
Halsey Street,L,Brooklyn,H030,K,X,S/B Halsey St,,
High Street - Brooklyn Bridge,AC,Brooklyn,N100,F/T,F/T,Mez Cadman Plaza West,,
High Street - Brooklyn Bridge,AC,Brooklyn,N101,K,X,Mez Cadman Plaza East,,
Hoyt Street,23,Brooklyn,R605,K,X,N/B Bridge St,N/B Duffield St,
Hoyt Street,23,Brooklyn,R606,F/T,F/T,S/B Hoyt St,S/B Elm Place,
Jay Street - Borough Hall,ACF,Brooklyn,N102,K,X,Mez Myrtle Promenade,,
Jay Street - Borough Hall,ACF,Brooklyn,N103,F/T,F/T,Mez Willoughby St,,
Kings Highway,BQ,Brooklyn,B023,X,X,Mez Kings Highway N,,
Kings Highway,BQ,Brooklyn,B024,F/T,F/T,Mez Kings Highway S,,
Kings Highway,BQ,Brooklyn,B024A,K,X,Mez E 16th St,,
Kingston - Throop Avenues,C,Brooklyn,N118,K,X,S/B Kingston Av,,
Kingston - Throop Avenues,C,Brooklyn,N119,F/T,F/T,N/B Throop Av,,
Lawrence Street - Metrotech,MR,Brooklyn,C003,F/T,F/T,Mez Lawrence St,,
Lawrence Street - Metrotech,MR,Brooklyn,C004,X,X,Mez Bridge St,,
Lorimer Street,L,Brooklyn,N409,F/T,F/T,Mez Metropolitan Avenue,,
Lorimer Street,L,Brooklyn,H012,K,X,Mez Lorimer St,,
Marcy Avenue,JMZ,Brooklyn,J001,F/T,F/T,M/B Marcy Avenue,M/B Havemeyer St,
Marcy Avenue,JMZ,Brooklyn,J002,K,X,Q/B Marcy Avenue,Q/B Havemeyer St,
Myrtle-Wyckoff Avenues,LM,Brooklyn,H026,F/T,F/T,Mez Myrtle Av,,
Myrtle-Wyckoff Avenues,LM,Brooklyn,H027,K,X,Mez Palmetto St,,
Nevins Street,2345,Brooklyn,R608,F/T,F/T,S/B Nevins St,,
Nevins Street,2345,Brooklyn,R609,K,X,N/B Nevins St,,
Newkirk Avenue,25,Brooklyn,R643,F/T,F/T,N/B Newkirk Avenue,,
Newkirk Avenue,25,Brooklyn,R644,K,X,S/B Newkirk Avenue,,
Nostrand Avenue,AC,Brooklyn,N116,F/T,F/T,N/B Nostrand Av,,
Nostrand Avenue,AC,Brooklyn,N117,K,X,S/B Nostrand Av,,
Prospect Avenue,MR,Brooklyn,C014,F/T,F/T,N/B Prospect Av,,
Prospect Avenue,MR,Brooklyn,C015,F/T,X,S/B Prospect Av,,
Prospect Park,BQS,Brooklyn,B012,K,X,Mez Flatbush Av.,,
Prospect Park,BQS,Brooklyn,B013,F/T,F/T,Mez Lincoln Rd.,,
Sheepshead Bay,BQ,Brooklyn,B027,F/T,F/T,Mez Sheepshead Bay Road,,
Sheepshead Bay,BQ,Brooklyn,B028,K,X,Mez Voorhies Avenue,,
Union Street,MR,Brooklyn,C010,F/T,F/T,N/B Union St,,
Union Street,MR,Brooklyn,C011,F/T,X,S/B Union St,,
Utica Avenue,AC,Brooklyn,N120,F/T,F/T,Mez Utica Av,,
Utica Avenue,AC,Brooklyn,N120A,K,X,Mez Stuyvesant Av,,
Utica Avenue,34,Brooklyn,R625,K,X,Mez Schenectady Av,,
Utica Avenue,34,Brooklyn,R626,F/T,F/T,Mez Utica Av,,
3 Avenue - 149 Street,25,The Bronx,R310,F/T,F/T,S/B Third Av,,
3 Avenue - 149 Street,25,The Bronx,R311,F/T,X,N/B Third Av,,
161 Street - Yankee Stadium,BD4,The Bronx,N203,F/T,F/T,Mez River Av,,
161 Street - Yankee Stadium,BD4,The Bronx,N205,K,X,Mez Gerard Av,,
161 Street - Yankee Stadium,BD4,The Bronx,R262,K,X,Mez E 161 St,,
170 Street,BD,The Bronx,N208,K,X,S/B 170th St,,
170 Street,BD,The Bronx,N208A,X,X,N/B 170th St,,
170 Street,BD,The Bronx,N209,F/T,F/T,Mez 171st St,,
174 Street,25,The Bronx,R321,K,X,N/B 174th St,,
174 Street,25,The Bronx,R322,F/T,F/T,S/B 174th St,,
174 - 175 Streets,BD,The Bronx,N210,F/T,F/T,Mez 174th St,,
174 - 175 Streets,BD,The Bronx,N212,K,X,Mez 175th St,,
205 Street,D,The Bronx,N224,F/T,F/T,Mez E 206th St/Bainbridge Av,,
205 Street,D,The Bronx,N225,K,X,Mez Perry Av,,
Brook Avenue,6,The Bronx,R402,F/T,F/T,S/B Brook Av,,
Brook Avenue,6,The Bronx,R403,K,X,N/B Brook Av,,
Cypress Avenue,6,The Bronx,R404,F/T,F/T,S/B Cypress Av,,
Cypress Avenue,6,The Bronx,R405,K,X,N/B Cypress Av,,
East 143 Street - St Mary's Street,6,The Bronx,R406,F/T,F/T,S/B St Mary's St,,
East 143 Street - St Mary's Street,6,The Bronx,R407,K,X,N/B St Mary's St,,
East 149 Street,6,The Bronx,R408,F/T,F/T,S/B E 149 St,,
East 149 Street,6,The Bronx,R409,K,X,N/B E 149 St,,
Freeman Street,25,The Bronx,R319,K,X,N/B Freeman St,,
Freeman Street,25,The Bronx,R320,F/T,F/T,S/B Freeman St,,
Kingsbridge Road,BD,The Bronx,N220,K,X,Mez Kingsbridge Rd,,
Kingsbridge Road,BD,The Bronx,N221,F/T,F/T,Mez E 196th St,,
Longwood Avenue,6,The Bronx,R410,F/T,F/T,S/B Longwood Av,,
Longwood Avenue,6,The Bronx,R411,K,X,N/B Longwood Av,,
Prospect Avenue,25,The Bronx,R314,F/T,F/T,N/B Prospect Av,,
Prospect Avenue,25,The Bronx,R315,K,X,S/B E 160th St,,
Simpson Street,25,The Bronx,R317,K,X,N/B Simpson St,,
Simpson Street,25,The Bronx,R318,F/T,F/T,S/B Simpson St,,
1 Avenue,L,Manhattan,H007,F/T,F/T,N/B First Av,,
1 Avenue,L,Manhattan,H008,F/T,X,S/B First Av,,
2 Avenue,FV,Manhattan,N521,K,X,Mez 2nd Av,,
2 Avenue,FV,Manhattan,N523,F/T,F/T,Mez 1st Av,,
3 Avenue,L,Manhattan,H005,K,X,N/B 3rd Av,,
3 Avenue,L,Manhattan,H006,F/T,F/T,S/B 3rd Av,,
7 Avenue,BDE,Manhattan,N300,K,X,Mez Broadway,,
7 Avenue,BDE,Manhattan,N301,F/T,F/T,Mez 7th Av,,
8 Street,NRW,Manhattan,A038,F/T,F/T,N/B 8 Street,N/B Waverly Pl,
8 Street,NRW,Manhattan,A039,F/T,X,S/B 8 Street,S/B Waverly Pl,
14 Street,123,Manhattan,R127,F/T,F/T,Mez 14 St,Exit-Only Mez 13 St,
14 Street,123,Manhattan,R128,K,X,Mez 12 St,,
14 Street / 6th Avenue,FVL,Manhattan,H003,K,X,Mez 6th Av,,
14 Street / 6th Avenue,FVL,Manhattan,N510,K,X,N/B 16th St,,
14 Street / 6th Avenue,FVL,Manhattan,N511,K,X,S/B 16th St,,
14 Street / 6th Avenue,FVL,Manhattan,N512,F/T,F/T,S/B 14th St,,
14 Street / 6th Avenue,FVL,Manhattan,N513,K,X,N/B 14th St,,
14 Street - Union Square,NQRW456L,Manhattan,A033,K,X,Mez 16th St,,
14 Street - Union Square,NQRW456L,Manhattan,A034,F/T,F/T,Mez 14th St NW,,
14 Street - Union Square,NQRW456L,Manhattan,A035,K,X,Mez 15th St,,
14 Street - Union Square,NQRW456L,Manhattan,A036,X,X,Mez 14th St NE,,
14 Street - Union Square,NQRW456L,Manhattan,A037,K,X,Mez 14th St SW,,
14 Street - Union Square,NQRW456L,Manhattan,R221,F/T,F/T,Mez 14th St SE,,
18 Street,1,Manhattan,R129,F/T,F/T,N/B 18th St,,
18 Street,1,Manhattan,R130,K,X,S/B 18th St,,
23 Street,1,Manhattan,R131,F/T,F/T,N/B 23 St,,
23 Street,1,Manhattan,R132,K,X,S/B 23 St,,
23 Street,6,Manhattan,R226,F/T,X,S/B E 23 St,S/B E 22 St,
23 Street,6,Manhattan,R227,F/T,F/T,N/B E 23 St,,
23 Street,6,Manhattan,R227A,K,X,N/B E 22 St,,
23 Street,CE,Manhattan,N076,F/T,F/T,N/B 23rd St,,
23 Street,CE,Manhattan,N077,K,X,S/B 23rd St,,
23 Street,FV,Manhattan,N508,F/T,X,S/B 23 St,,
23 Street,FV,Manhattan,N509,F/T,F/T,N/B 23 St,,
23 Street,NRW,Manhattan,A030,F/T,F/T,N/B 23rd St,N/B 22nd St,
23 Street,NRW,Manhattan,A031,K,X,S/B 23rd St,S/B 22nd St,
28 Street,1,Manhattan,R133,F/T,F/T,N/B 28 St,,
28 Street,1,Manhattan,R134,K,X,S/B 28 St,,
28 Street,6,Manhattan,R228,F/T,X,S/B 28th St,,
28 Street,6,Manhattan,R229,F/T,F/T,N/B 28th St,,
28 Street,NRW,Manhattan,A027,F/T,F/T,N/B 28th St,,
28 Street,NRW,Manhattan,A029,K,X,S/B 28th St,,
33 Street,6,Manhattan,R231,F/T,F/T,N/B 33rd St,,
33 Street,6,Manhattan,R231A,K,X,N/B 32nd St,,
33 Street,6,Manhattan,R232,F/T,X,S/B 33rd St,,
33 Street,6,Manhattan,R232A,X,X,S/B 32nd St,,
34 Street - Herald Square,BDFVNQRW,Manhattan,A022,K,X,Mez 34th St E,,
34 Street - Herald Square,BDFVNQRW,Manhattan,A025,K,X,Mez 32nd St,,
34 Street - Herald Square,BDFVNQRW,Manhattan,N505,K,X,Mez 35th St,,
34 Street - Herald Square,BDFVNQRW,Manhattan,N506,F/T,F/T,Mez 34th St W,,
34 Street - Herald Square,BDFVNQRW,Manhattan,N507,F/T,P/T,Mez 33rd St,,
34 Street - Penn Station,123,Manhattan,R135,F/T,P/T,Mez 32nd St (Penn NJT),,
34 Street - Penn Station,123,Manhattan,R137,K,X,N/B 32nd St,,
34 Street - Penn Station,123,Manhattan,R138,F/T,F/T,Mez 33rd St (Penn LIRR),,
34 Street - Penn Station,123,Manhattan,R139,F/T,X,N/B 33rd St,,
34 Street - Penn Station,123,Manhattan,R141,F/T,P/T,N/B 34th St,,
34 Street - Penn Station,123,Manhattan,R142,K,X,S/B 34th St,,
34 Street - Penn Station,ACE,Manhattan,N067,K,X,X 33rd St,,
34 Street - Penn Station,ACE,Manhattan,N068,K,X,N/B 35th St,,
34 Street - Penn Station,ACE,Manhattan,N069,K,X,S/B 35th St,,
34 Street - Penn Station,ACE,Manhattan,N070,F/T,F/T,N/B 34th St,,
34 Street - Penn Station,ACE,Manhattan,N071,K,X,S/B 34th St,,
34 Street - Penn Station,ACE,Manhattan,N072,F/T,P/T,N/B 33rd St,,
34 Street - Penn Station,ACE,Manhattan,N073,F/T,P/T,S/B 33rd St,,
42 Street - Times Square,1237SNQRW,Manhattan,A021,K,X,Mez W 40th St (Bway),,
42 Street - Times Square,1237SNQRW,Manhattan,R143,K,X,Mez W 40th St (7 Av),,
42 Street - Times Square,1237SNQRW,Manhattan,R145,F/T,P/T,Mez W 41st St,,
42 Street - Times Square,1237SNQRW,Manhattan,R147,F/T,P/T,Mez W 42nd St S,,
42 Street - Times Square,1237SNQRW,Manhattan,R148,K,X,Mez W 42nd St E,,
42 Street - Times Square,1237SNQRW,Manhattan,R151,F/T,F/T,Mez W 42nd St W,,
42 Street - Times Square,1237SNQRW,Manhattan,R153,X,X,Mez W 43rd St,,
42 Street - Grand Central,456,Manhattan,R236,K,X,Mez Madison Av,,
42 Street - Grand Central,456,Manhattan,R237,K,X,Mez Lexington Av SW,,
42 Street - Grand Central,456,Manhattan,R238,F/T,F/T,Mez Lexington Av W,,
42 Street - Grand Central,456,Manhattan,R237B,K,X,Mez Lexington Av E,,
42 Street - Grand Central,456,Manhattan,R240,F/T,P/T,Mez Lexington Av NE,,
42 Street - Grand Central,456,Manhattan,R241A,F/T,X,Mez 3rd Av,,
42 Street - Port Authority Bus Terminal,ACE,Manhattan,N060,F/T,X,Mez 44th St,,
42 Street - Port Authority Bus Terminal,ACE,Manhattan,N062A,F/T,F/T,Mez 42nd St E,Mez 42nd St W; Mez 43rd St W,
42 Street - Port Authority Bus Terminal,ACE,Manhattan,N062,K,X,Mez 41st St (PABT),,
42 Street - Port Authority Bus Terminal,ACE,Manhattan,N063A,F/T,F/T,Mez 41st St,,
42 Street - Port Authority Bus Terminal,ACE,Manhattan,N063,K,X,Mez 40th St,,
42 Street - Bryant Park,BDFV,Manhattan,N502,K,X,Mez 42nd St N,,
42 Street - Bryant Park,BDFV,Manhattan,N503,F/T,F/T,Mez 42nd St S,,
42 Street - Bryant Park,BDFV,Manhattan,N504,K,X,Mez 40th St,,
47-50 Streets - Rockefeller Center,BDFV,Manhattan,N500,F/T,F/T,Mez W 49th St,,
47-50 Streets - Rockefeller Center,BDFV,Manhattan,N501,K,X,Mez W 47th St,,
47-50 Streets - Rockefeller Center,BDFV,Manhattan,N501A,K,X,Mez W 48th St,,
49 Street,NRW,Manhattan,A013,F/T,X,N/B 49th St,,
49 Street,NRW,Manhattan,A014,K,X,N/B 47th St,,
49 Street,NRW,Manhattan,A015,F/T,F/T,S/B 49th St,,
49 Street,NRW,Manhattan,A016,K,X,S/B 47th St,,
50 Street,1,Manhattan,R154,F/T,X,S/B 50th St,,
50 Street,1,Manhattan,R155,F/T,F/T,N/B 50th St,,
50 Street,CE,Manhattan,N056,F/T,X,N/B W 50th St,N/B 51st St,
50 Street,CE,Manhattan,N057,F/T,F/T,S/B W 50th St,,
51 Street,6,Manhattan,R242,F/T,F/T,S/B 51st St,,
51 Street,6,Manhattan,R242A,K,X,S/B 50th St,,
51 Street,6,Manhattan,R243,F/T,X,N/B 51st St,,
5 Avenue - 53 Street,EV,Manhattan,N303,F/T,F/T,Mez Fifth Av,,
5 Avenue - 53 Street,EV,Manhattan,N304,K,X,Mez Madison Av,,
57 Street,NQRW,Manhattan,A010,F/T,F/T,Mez 57th St,,
57 Street,NQRW,Manhattan,A011,K,X,Mez 55th St,,
59 Street,456,Manhattan,R244,F/T,F/T,S/B E 60th St,,
59 Street,456,Manhattan,R244A,K,X,S/B E 59th St,,
59 Street,456,Manhattan,R245,F/T,X,N/B E 60th St,,
59 Street,456,Manhattan,R245A,K,X,N/B E 59th St,,
Lexington Avenue - 59 Street,NRW,Manhattan,A002,K,X,Mez Third Av,,
59 Street - Columbus Circle,ABCD,Manhattan,N049,F/T,P/T,Mez Columbus Circle N,,
59 Street - Columbus Circle,ABCD,Manhattan,N051,F/T,F/T,Mez 58th St,,
59 Street - Columbus Circle,ABCD,Manhattan,R158,F/T,F/T,S/B Columbus Circle W,S/B Columbus Circle NW; N/B Columbus Circle SE,
66 Street - Lincoln Center,1,Manhattan,R159,K,X,N/B 66th St,,
66 Street - Lincoln Center,1,Manhattan,R160,F/T,F/T,S/B 66th St,,
66 Street - Lincoln Center,1,Manhattan,R160A,K,X,S/B 65th St,,
72 Street,123,Manhattan,R161A,K,X,Mez 72nd St S,,
72 Street,123,Manhattan,R161B,F/T,F/T,Mez 72nd St N,,
77 Street,6,Manhattan,R247,F/T,X,N/B 77th St,,
77 Street,6,Manhattan,R248,F/T,F/T,S/B 77th St,,
79 Street,1,Manhattan,R162,F/T,F/T,S/B 79th St,,
79 Street,1,Manhattan,R163,K,X,N/B 79th St,,
81 Street - Museum of Natural History,BC,Manhattan,N044,F/T,F/T,Mez W 81st St,,
81 Street - Museum of Natural History,BC,Manhattan,N045,K,X,Mez (Museum of Natural History),,
86 Street,1,Manhattan,R164,F/T,F/T,S/B 86th St,,
86 Street,1,Manhattan,R165,K,X,N/B 86th St,,
86 Street,1,Manhattan,R166,K,P/T,S/B 87th St,,
86 Street,456,Manhattan,R249,F/T,X,N/B 86th St,,
86 Street,456,Manhattan,R250,F/T,F/T,S/B 86th St,,
96 Street,123,Manhattan,R168,F/T,F/T,S/B W 95th St,,"To be replaced by new headhouse, late 2009"
96 Street,123,Manhattan,R168A,F/T,P/T,Mez W 94th St,,
96 Street,123,Manhattan,R169,K,X,N/B W 95th St,,"To be replaced by new headhouse, late 2009"
96 Street,BC,Manhattan,N039,K,X,Mez W 96th St N,,
96 Street,BC,Manhattan,N040,F/T,F/T,Mez W 96th St S,,
110 Street,6,Manhattan,R253,K,X,N/B 110th St,,
110 Street,6,Manhattan,R254,F/T,F/T,S/B 110th St,,
110 Street - Cathedral Parkway,1,Manhattan,R171,K,X,N/B 110th St,,
110 Street - Cathedral Parkway,1,Manhattan,R172,F/T,F/T,S/B 110th St,,
110 Street - Cathedral Parkway,BC,Manhattan,N034,K,X,S/B 110th St,,
110 Street - Cathedral Parkway,BC,Manhattan,N035,F/T,F/T,Mez 109th St,,
116 Street,23,Manhattan,R302,F/T,F/T,S/B 116 St,,
116 Street,23,Manhattan,R303,F/T,X,N/B 116 St,,
116 Street,6,Manhattan,R256,F/T,F/T,S/B 116 St,,
116 Street,6,Manhattan,R257,K,X,N/B 116 St,,
116 Street,BC,Manhattan,N029,K,X,N/B 116 St,,
116 Street,BC,Manhattan,N030,F/T,F/T,S/B 116 St,,
125 Street,23,Manhattan,R304,F/T,F/T,S/B 125th St,,
125 Street,23,Manhattan,R305,F/T,X,N/B 125th St,,
125 Street,ACBD,Manhattan,N025,K,X,Mez W 127th St,,
125 Street,ACBD,Manhattan,N026,F/T,F/T,Mez W 125th St,,
135 Street,23,Manhattan,R306,F/T,F/T,S/B 135 St,,
135 Street,23,Manhattan,R307,F/T,X,N/B 135 St,,
135 Street,BC,Manhattan,N021,X,X,N/B W 137 St,,
135 Street,BC,Manhattan,N022,X,X,S/B W 137 St,,
135 Street,BC,Manhattan,N023,K,X,N/B W 135 St,,
135 Street,BC,Manhattan,N024,F/T,F/T,S/B W 135 St,,
137 Street - City College,1,Manhattan,R175,K,X,N/B 137 St,,
137 Street - City College,1,Manhattan,R176,F/T,F/T,S/B 137 St,,
145 Street,1,Manhattan,R177,K,X,N/B 145th St,,
145 Street,1,Manhattan,R178,F/T,F/T,S/B 145th St,,
145 Street,ACBD,Manhattan,N019,F/T,X,Mez W 147th St,,
145 Street,ACBD,Manhattan,N020,F/T,F/T,Mez W 145th St,,
157 Street,1,Manhattan,R179,K,X,N/B 157 St,,
157 Street,1,Manhattan,R180,F/T,F/T,S/B 157 St,,
168 Street,1AC,Manhattan,N013,F/T,F/T,Mez W 168 St (AC),,
168 Street,1AC,Manhattan,R182,K,X,Mez W 168 St (1),,
181 Street,A,Manhattan,N007A,F/T,F/T,Mez W 183rd St,,
181 Street,A,Manhattan,N009,F/T,X,Mez W 181st St,,
Astor Place,6,Manhattan,R219,F/T,F/T,N/B Astor Place,,
Astor Place,6,Manhattan,R220,F/T,X,S/B Astor Place,,
Bowling Green,45,Manhattan,R200A,K,K,N/B Bowling Green,,
Bowling Green,45,Manhattan,R201,F/T,F/T,Mez Battery Place,,
Bowling Green,45,Manhattan,R202,K,X,Mez Battery Park,,
Broad Street,JMZ,Manhattan,A083,F/T,F/T,Mez Wall St,S/B Exchange Place,
Broad Street,JMZ,Manhattan,A084,K,X,N/B Exchange Place,,
Brooklyn Bridge - City Hall,456,Manhattan,R210,F/T,F/T,Mez Chambers St,,
Brooklyn Bridge - City Hall,456,Manhattan,R210A,K,X,Mez Reade St,,
Chambers Street,JMZ,Manhattan,A069,K,X,Mez Chambers St,,
Chambers Street,JMZ,Manhattan,A071,K,X,Mez Reade St,,
Canal Street,1,Manhattan,R119,F/T,F/T,N/B Canal St,,
Canal Street,1,Manhattan,R120,K,X,S/B Canal St,,
Canal Street,ACE,Manhattan,N089,F/T,F/T,Mez York St,,
Canal Street,ACE,Manhattan,N090,K,X,Mez Walker St,,
Canal Street,JMZNQRW6,Manhattan,A044,X,X,S/B Canal St (Bway),,
Canal Street,JMZNQRW6,Manhattan,A043,F/T,P/T,N/B Canal St (Bway),,
Canal Street,JMZNQRW6,Manhattan,R214,X,X,S/B Canal St (Laf),,
Canal Street,JMZNQRW6,Manhattan,A046,F/T,F/T,N/B Canal St (Laf),,
Canal Street,JMZNQRW6,Manhattan,A066,F/T,X,Mez Canal St (Centre),,
Chambers Street / World Trade Center,ACE23,Manhattan,N091,K,X,Mez Chambers St,,
Chambers Street / World Trade Center,ACE23,Manhattan,N092,F/T,F/T,Mez Park Place,,
Chambers Street / World Trade Center,ACE23,Manhattan,N094,K,X,Mez WTC,,
Christopher Street - Sheridan Square,1,Manhattan,R125,F/T,F/T,N/B Christopher St,,
Christopher Street - Sheridan Square,1,Manhattan,R126,K,X,S/B Christopher St,,
City Hall,RW,Manhattan,A047,F/T,P/T,BD Murray St,,
Cortlandt Street,RW,Manhattan,A050,F/T,F/T,N/B Dey St,,Currently closed for Fulton Transit Center work
Cortlandt Street,RW,Manhattan,A051,K,K,N/B Cortlandt St,,Currently closed for Fulton Transit Center work
Cortlandt Street,RW,Manhattan,A052,F/T,X,S/B Dey St,,Currently closed for Fulton Transit Center work
Cortlandt Street,RW,Manhattan,A053,X,X,S/B Cortlandt St,,Currently closed for Fulton Transit Center work
Delancey Street / Essex Street,FJMZ,Manhattan,N525,F/T,F/T,Mez Delancey St N,,
Delancey Street / Essex Street,FJMZ,Manhattan,N526,K,X,Mez Delancey St S,,
Delancey Street / Essex Street,FJMZ,Manhattan,A061,F/T,F/T,,,
East Broadway,F,Manhattan,N528,K,X,Mez East Broadway,,
East Broadway,F,Manhattan,N529,F/T,F/T,Mez Madison St,,
Franklin Street,1,Manhattan,R117,F/T,F/T,N/B Franklin St,,
Franklin Street,1,Manhattan,R118,K,X,S/B Franklin St,,
Fulton Street - Broadway Nassau,45,Manhattan,R205,K,X,N/B John St,,
Fulton Street - Broadway Nassau,45,Manhattan,R206,K,X,S/B John St,,
Fulton Street - Broadway Nassau,45,Manhattan,R208,X,X,S/B Fulton St,,
Fulton Street - Broadway Nassau,AC45,Manhattan,N095,F/T,F/T,Mez Broadway,,
Fulton Street - Broadway Nassau,ACJMZ,Manhattan,A077,K,X,Mez Nassau/Fulton W,,
Fulton Street - Broadway Nassau,ACJMZ,Manhattan,A081,K,X,Mez Nassau/Fulton E,S/B John St P/T,
Fulton Street - Broadway Nassau,AC23,Manhattan,R113,X,X,Mez John St,,
Fulton Street - Broadway Nassau,AC23,Manhattan,R113A,F/T,X,Mez Fulton St,,
Fulton Street - Broadway Nassau,AC23,Manhattan,R114,X,X,Mez Ann St,,
Fulton Street - Broadway Nassau,AC23,Manhattan,N098,X,F/T,Mez WilliaMez St,,
Houston Street,1,Manhattan,R121,X,X,N/B King St,,
Houston Street,1,Manhattan,R122,X,X,S/B King St,,
Houston Street,1,Manhattan,R123,F/T,F/T,N/B Houston St,,
Houston Street,1,Manhattan,R124,K,X,S/B Houston St,,
Lexington Avenue - 53 Street,EV,Manhattan,N305A,K,X,Mez Lexington Av S,,
Lexington Avenue - 53 Street,EV,Manhattan,N305,F/T,F/T,Mez Lexington Av,,
Lexington Avenue - 53 Street,EV,Manhattan,N306,F/T,P/T,Mez 3rd Av,,
Prince Street,NRW,Manhattan,A041,F/T,F/T,N/B Prince St,,
Prince Street,NRW,Manhattan,A042,K,X,S/B Prince St,,
Rector Street,RW,Manhattan,A054,F/T,F/T,N/B Rector St,,
Rector Street,RW,Manhattan,A055,K,X,S/B Rector St,,
Spring Street,6,Manhattan,R215,F/T,F/T,N/B Spring St,,
Spring Street,6,Manhattan,R216,K,X,S/B Spring St,,
West 4 Street - Washington Square,ACEBDFV,Manhattan,N080,F/T,X,Mez W Waverly Pl E,,
West 4 Street - Washington Square,ACEBDFV,Manhattan,N083,F/T,F/T,Mez W 3rd St,,
West 4 Street - Washington Square,ACEBDFV,Manhattan,N081,X,X,Mez W Waverly Pl W,,
Wall Street,23,Manhattan,R110,K,X,Mez Wall St S,,
Wall Street,23,Manhattan,R111,F/T,F/T,Mez Wall St N,,
Wall Street,23,Manhattan,R112,K,X,Mez Pine St,,
Wall Street,23,Manhattan,R112A,K,X,Mez Liberty St,,
Wall Street,45,Manhattan,R203,F/T,F/T,N/B Rector St,,
Wall Street,45,Manhattan,R203A,X,X,N/B Pine St,,
Wall Street,45,Manhattan,R204,K,X,S/B Rector St,,
Wall Street,45,Manhattan,R204A,X,X,S/B Pine St,,
Witehall Street - South Ferry,RW1,Manhattan,A058,K,X,Mez Stone St,,
Witehall Street - South Ferry,RW1,Manhattan,R101,F/T,F/T,Mez State St,,
36 Street,GRV,Queens,N311,K,X,N/B 34th St,N/B 36th St,
36 Street,GRV,Queens,N312,F/T,F/T,S/B 35th St,,
46 Street,GRV,Queens,N316,F/T,F/T,S/B 46th St,,
46 Street,GRV,Queens,N316A,K,X,S/B 48th St,,
46 Street,GRV,Queens,N317,K,X,N/B 46th St,N/B 48th St,
71 Avenue - Forest Hills,EFGRV,Queens,N333,K,X,Mez 70th Rd,,
71 Avenue - Forest Hills,EFGRV,Queens,N333B,K,X,Mez 71st Av W,,
71 Avenue - Forest Hills,EFGRV,Queens,N333A,F/T,F/T,Mez 71st Av E,,
168 Street,F,Queens,N340,K,X,Mez 168th St,,
168 Street,F,Queens,N340A,F/T,F/T,Mez 169th St,,
179 Street - Jamaica,F,Queens,N342,K,X,Mez 179th St,,
179 Street - Jamaica,F,Queens,N343,F/T,F/T,Mez 180th St,,
Main Street - Flushing,7,Queens,R533,F/T,F/T,Mez Main St,,
Main Street - Flushing,7,Queens,R534,F/T,P/T,Mez Main St E,,
Jamaica Center - Parsons/Archer,EJZ,Queens,N606,F/T,F/T,Mez Parsons Blvd,,
Jamaica Center - Parsons/Archer,EJZ,Queens,N607,K,X,Mez 158th St,,
Northern Boulevard,GRV,Queens,N318,F/T,F/T,S/B Northern Blvd,,
Northern Boulevard,GRV,Queens,N319,K,X,N/B Northern Blvd,,
Queens Plaza,EGRV,Queens,N309A,F/T,F/T,Mez Queens Blvd,N/B Orchard St; S/B 42nd Rd; N/B Queens Blvd,
Queens Plaza,EGRV,Queens,N310,K,X,Mez Northern Blvd,,
Roosevelt Av - Jackson Heights / 74 Street - Broadway,EFVGR7,Queens,N323,K,X,Mez 74th St,Mez 74th St; Mez 75th St,
Roosevelt Av - Jackson Heights / 74 Street - Broadway,EFVGR7,Queens,N324,F/T,F/T,Mez Roosevelt Av/Bway,,
Roosevelt Av - Jackson Heights / 74 Street - Broadway,EFVGR7,Queens,R525,K,X,Mez Roosevelt Av/Bway,,
Steinway Street,GRV,Queens,N314,K,X,Mez 34th Av,,
Steinway Street,GRV,Queens,N315,F/T,F/T,Mez Broadway,,
Union Turnpike - Kew Gardens,EF,Queens,N335,K,X,Mez Jackie Robinson Pkwy,,
Union Turnpike - Kew Gardens,EF,Queens,N336,F/T,F/T,Mez 80th Rd,,
Vernon Boulevard - Jackson Avenue,7,Queens,R503,K,X,N/B Vernon Blvd,,
Vernon Boulevard - Jackson Avenue,7,Queens,R504,F/T,F/T,S/B Vernon Blvd,,
Vernon Boulevard - Jackson Avenue,7,Queens,R505,XO,XO,N/B Jackson Ave,,
Vernon Boulevard - Jackson Avenue,7,Queens,R506,X,X,S/B Jackson Ave,,